-- phpMyAdmin SQL Dump
-- version 4.0.9
-- http://www.phpmyadmin.net
--
-- Host: localhost
-- Generation Time: Mar 14, 2016 at 05:46 AM
-- Server version: 5.6.14
-- PHP Version: 5.5.6

SET SQL_MODE = "NO_AUTO_VALUE_ON_ZERO";
SET time_zone = "+00:00";


/*!40101 SET @OLD_CHARACTER_SET_CLIENT=@@CHARACTER_SET_CLIENT */;
/*!40101 SET @OLD_CHARACTER_SET_RESULTS=@@CHARACTER_SET_RESULTS */;
/*!40101 SET @OLD_COLLATION_CONNECTION=@@COLLATION_CONNECTION */;
/*!40101 SET NAMES utf8 */;

--
-- Database: `ttm`
--

-- --------------------------------------------------------

--
-- Table structure for table `ahmdsbsc_dtlsetting`
--

CREATE TABLE IF NOT EXISTS `ahmdsbsc_dtlsetting` (
  `VID` varchar(64) NOT NULL,
  `VITEMCODE` varchar(20) NOT NULL,
  `VDLRCODE` varchar(6) NOT NULL,
  `VITEMNAME` varchar(50) NOT NULL,
  `VITEMDESC` varchar(100) DEFAULT NULL,
  `VSTATUS` varchar(1) NOT NULL,
  `VCREABY` varchar(255) DEFAULT NULL,
  `VMODIBY` varchar(255) DEFAULT NULL,
  `DCREA` datetime DEFAULT NULL,
  `DMODI` datetime DEFAULT NULL,
  `IVER` int(11) NOT NULL,
  `VID_AHMDSBSC_HDRSETTING` varchar(64) NOT NULL,
  PRIMARY KEY (`VID`),
  UNIQUE KEY `UK_wxwwgkelhwxrm1i5qp5e7jyl` (`VID_AHMDSBSC_HDRSETTING`,`VITEMCODE`,`VDLRCODE`),
  KEY `FK_3jldw575sql7ul7uwjpi2imhy` (`VID_AHMDSBSC_HDRSETTING`)
) ENGINE=InnoDB DEFAULT CHARSET=latin1;

--
-- Dumping data for table `ahmdsbsc_dtlsetting`
--

INSERT INTO `ahmdsbsc_dtlsetting` (`VID`, `VITEMCODE`, `VDLRCODE`, `VITEMNAME`, `VITEMDESC`, `VSTATUS`, `VCREABY`, `VMODIBY`, `DCREA`, `DMODI`, `IVER`, `VID_AHMDSBSC_HDRSETTING`) VALUES
('00d231cc-6f63-4dc2-936e-2fc770b71ca8', 'R', '0', 'RETUR', 'RETUR', 'T', NULL, NULL, NULL, NULL, 0, '6913be88-d9f0-4b45-9a1d-576cdf68909c'),
('0edf3dbd-1324-4aa4-8b1c-db65b52a379d', 'M', '0', 'MUTASI', 'MUTASI', 'T', NULL, NULL, NULL, NULL, 0, '6913be88-d9f0-4b45-9a1d-576cdf68909c'),
('3bbdaed4-10a5-11e5-8b13-a04fac6f2a85', 'E', '0', 'Ekspedisi', 'Kode Ekspedisi', 'T', NULL, NULL, NULL, NULL, 0, 'a974fa71-10a3-11e5-8b13-a04fac6f2a85'),
('50946e2a-7294-4622-83ec-70e5c966a706', 'C', '0', 'COLLECTIVE', 'TIPE PENJUALAN COLLECTIVE', 'T', NULL, NULL, NULL, NULL, 0, 'e58113ed-eceb-4243-a0da-899def281ab4'),
('60383038-ccbf-4580-ba6d-67191cf76d1f', 'I', '0', 'INDIVIDU', 'TIPE PENJUALAN INDIVIDU', 'T', NULL, NULL, NULL, NULL, 0, 'e58113ed-eceb-4243-a0da-899def281ab4'),
('9b9f167f-b354-41e2-ab9f-3f8e2102c9a6', 'N', '0', 'NRFS', 'NRFS', 'T', NULL, NULL, NULL, NULL, 0, '0575f2ac-ca11-457b-8c2c-85f732115745'),
('a77006e3-7864-11e5-b824-99dd8812c193', 'DP', '0', 'UANG MUKA', '', 'T', NULL, NULL, NULL, NULL, 0, 'c10a3987-7863-11e5-b824-99dd8812c193'),
('a8f51858-7864-11e5-b824-99dd8812c193', 'RP', '0', 'PELUNASAN', '', 'T', NULL, NULL, NULL, NULL, 0, 'c10a3987-7863-11e5-b824-99dd8812c193'),
('abdf0123-f411-41c8-980c-e2661ff961b5', 'J', '0', 'JOIN PROMOTION', 'TIPE PENJUALAN JOIN PROMOTION', 'T', NULL, NULL, NULL, NULL, 0, 'e58113ed-eceb-4243-a0da-899def281ab4'),
('bbae8a91-10a5-11e5-8b13-a04fac6f2a85', 'L', '0', 'Leasing', 'Kode Leasing', 'T', NULL, NULL, NULL, NULL, 0, 'a974fa71-10a3-11e5-8b13-a04fac6f2a85'),
('CRS_SRC_PEMBAWA', 'D', '0', 'DIMS', 'DIMS', 'T', NULL, NULL, NULL, NULL, 0, '9bbbb9a8-9731-11e5-aebe-00ad62e65808'),
('CRS_SRC_PEMBAWA1', 'O', '0', 'LAIN-LAIN', 'LAIN-LAIN', 'T', NULL, NULL, NULL, NULL, 0, '9bbbb9a8-9731-11e5-aebe-00ad62e65808'),
('CRS_SVC_REMINDER1', 'A', '0', 'SMS', NULL, '', NULL, NULL, NULL, NULL, 0, '1efcd4ff-659b-11e5-b824-99dd8812c193'),
('CRS_SVC_REMINDER2', 'B', '0', 'TELPON', NULL, '', NULL, NULL, NULL, NULL, 0, '1efcd4ff-659b-11e5-b824-99dd8812c193'),
('CRS_SVC_REMINDER3', 'C', '0', 'UNDANGAN', NULL, '', NULL, NULL, NULL, NULL, 0, '1efcd4ff-659b-11e5-b824-99dd8812c193'),
('CRS_SVC_REMINDER4', 'D', '0', 'SENDIRI', NULL, '', NULL, NULL, NULL, NULL, 0, '1efcd4ff-659b-11e5-b824-99dd8812c193'),
('CRS_SVC_REMINDER5', 'E', '0', 'STICKER', NULL, '', NULL, NULL, NULL, NULL, 0, '1efcd4ff-659b-11e5-b824-99dd8812c193'),
('CRS_SVC_REMINDER6', 'F', '0', 'LAIN LAIN', NULL, '', NULL, NULL, NULL, NULL, 0, '1efcd4ff-659b-11e5-b824-99dd8812c193'),
('CRS_TIPEKONSUMEN1', '1', '0', 'PEMBAWA', 'PEMBAWA', 'T', NULL, NULL, NULL, NULL, 0, '28ef3be4-659b-11e5-b824-99dd8812c193'),
('CRS_TIPEKONSUMEN2', '2', '0', 'PENGGUNA', 'PENGGUNA', 'T', NULL, NULL, NULL, NULL, 0, '28ef3be4-659b-11e5-b824-99dd8812c193'),
('CRS_TIPEKONSUMEN3', '3', '0', 'PEMBAWA DAN PENGGUNA', 'PEMBAWA DAN PENGGUNA', 'T', NULL, NULL, NULL, NULL, 0, '28ef3be4-659b-11e5-b824-99dd8812c193'),
('CRS_TIPERELASI1', 'A', '0', 'ORANG TUA KANDUNG', NULL, 'T', NULL, NULL, NULL, NULL, 0, '382022fb-659b-11e5-b824-99dd8812c193'),
('CRS_TIPERELASI2', 'B', '0', 'ANAK KANDUNG', NULL, 'T', NULL, NULL, NULL, NULL, 0, '382022fb-659b-11e5-b824-99dd8812c193'),
('CRS_TIPERELASI3', 'C', '0', 'SAUDARA KANDUNG', NULL, 'T', NULL, NULL, NULL, NULL, 0, '382022fb-659b-11e5-b824-99dd8812c193'),
('CRS_TIPERELASI4', 'D', '0', 'SAUDARA TIDAK SEDARAH', NULL, 'T', NULL, NULL, NULL, NULL, 0, '382022fb-659b-11e5-b824-99dd8812c193'),
('CRS_TIPERELASI5', 'E', '0', 'SUPIR', NULL, 'T', NULL, NULL, NULL, NULL, 0, '382022fb-659b-11e5-b824-99dd8812c193'),
('CRS_TIPERELASI6', 'F', '0', 'TEMAN', NULL, 'T', NULL, NULL, NULL, NULL, 0, '382022fb-659b-11e5-b824-99dd8812c193'),
('CRS_TIPERELASI7', 'Z', '0', 'LAIN LAIN', NULL, 'T', NULL, NULL, NULL, NULL, 0, '382022fb-659b-11e5-b824-99dd8812c193'),
('DEFAULT_HOME_APPS1', '3', '0', '', NULL, 'T', NULL, NULL, NULL, NULL, 0, 'DEFAULT_HOME_APPS'),
('DEFAULT_HOME_APPS2', '5', '0', '', NULL, 'T', NULL, NULL, NULL, NULL, 0, 'DEFAULT_HOME_APPS'),
('DEFAULT_HOME_APPS3', '10', '0', '', NULL, 'T', NULL, NULL, NULL, NULL, 0, 'DEFAULT_HOME_APPS'),
('DEFAULT_HOME_APPS4', '12', '0', '', NULL, 'T', NULL, NULL, NULL, NULL, 0, 'DEFAULT_HOME_APPS'),
('e0e0092d-7b66-4552-9537-ba611bc03e8f', 'R', '0', 'RFS', 'RFS', 'T', NULL, NULL, NULL, NULL, 0, '0575f2ac-ca11-457b-8c2c-85f732115745'),
('e8e99c28-9972-4438-ba61-d220add2e666', 'D', '0', 'DELIVERY ORDER', 'DELIVERY ORDER', 'T', NULL, NULL, NULL, NULL, 0, '6913be88-d9f0-4b45-9a1d-576cdf68909c'),
('ebc94846-7592-4aed-b8be-f0f5f7939abf', 'I', '0', 'INTRANSIT', 'INTRANSIT', 'T', NULL, NULL, NULL, NULL, 0, '0575f2ac-ca11-457b-8c2c-85f732115745'),
('f7daa7c5-336c-49db-8d3e-d00104292283', 'G', '0', 'GC', 'TIPE PENJUALAN GC', 'T', NULL, NULL, NULL, NULL, 0, 'e58113ed-eceb-4243-a0da-899def281ab4'),
('MST001_METODEBAYAR1', 'C', '0', 'Credit Card', 'Credit Card', 'T', NULL, NULL, NULL, NULL, 0, 'MST001_METODEBAYAR'),
('MST001_METODEBAYAR2', 'G', '0', 'Giro', 'Giro', 'T', NULL, NULL, NULL, NULL, 0, 'MST001_METODEBAYAR'),
('MST001_METODEBAYAR3', 'B', '0', 'Bank', 'Bank', 'T', NULL, NULL, NULL, NULL, 0, 'MST001_METODEBAYAR'),
('MST001_METODEBAYAR4', 'P', '0', 'Pihak Ketiga', 'Pihak Ketiga', 'T', NULL, NULL, NULL, NULL, 0, 'MST001_METODEBAYAR'),
('MST005_EDUPROSPEK1', '1', '0', 'Tidak Tamat SD', 'Tidak Tamat SD', 'T', NULL, NULL, NULL, NULL, 0, 'MST005_EDUPROSPEK'),
('MST005_EDUPROSPEK2', '2', '0', 'SD', 'SD', 'T', NULL, NULL, NULL, NULL, 0, 'MST005_EDUPROSPEK'),
('MST005_EDUPROSPEK3', '3', '0', 'SLTP/SMP', 'SLTP/SMP', 'T', NULL, NULL, NULL, NULL, 0, 'MST005_EDUPROSPEK'),
('MST005_EDUPROSPEK4', '4', '0', 'SLTA/SMA', 'SLTA/SMA', 'T', NULL, NULL, NULL, NULL, 0, 'MST005_EDUPROSPEK'),
('MST005_EDUPROSPEK5', '5', '0', 'Akademi/Diploma', 'Akademi/Diploma', 'T', NULL, NULL, NULL, NULL, 0, 'MST005_EDUPROSPEK'),
('MST005_EDUPROSPEK6', '6', '0', 'Sarjana', 'Sarjana', 'T', NULL, NULL, NULL, NULL, 0, 'MST005_EDUPROSPEK'),
('MST005_EDUPROSPEK7', '7', '0', 'Pasca sarjana', 'Pasca sarjana', 'T', NULL, NULL, NULL, NULL, 0, 'MST005_EDUPROSPEK'),
('MST005_EXPPROSPEK1', '1', '0', '< 700.000', '< 700.000', 'T', NULL, NULL, NULL, NULL, 0, 'MST005_EXPPROSPEK'),
('MST005_EXPPROSPEK2', '2', '0', '700.001 - 1.000.000', '700.001 - 1.000.000', 'T', NULL, NULL, NULL, NULL, 0, 'MST005_EXPPROSPEK'),
('MST005_EXPPROSPEK3', '3', '0', '1.000.001 - 1.500.000', '1.000.001 - 1.500.000', 'T', NULL, NULL, NULL, NULL, 0, 'MST005_EXPPROSPEK'),
('MST005_EXPPROSPEK4', '4', '0', '1.500.001 - 2.000.000', '1.500.001 - 2.000.000', 'T', NULL, NULL, NULL, NULL, 0, 'MST005_EXPPROSPEK'),
('MST005_EXPPROSPEK5', '5', '0', '2.000.001 - 3.000.000', '2.000.001 - 3.000.000', 'T', NULL, NULL, NULL, NULL, 0, 'MST005_EXPPROSPEK'),
('MST005_EXPPROSPEK6', '6', '0', '3.000.001 - 4.000.000', '3.000.001 - 4.000.000', 'T', NULL, NULL, NULL, NULL, 0, 'MST005_EXPPROSPEK'),
('MST005_EXPPROSPEK7', '7', '0', '> 4.000.001', '> 4.000.001', 'T', NULL, NULL, NULL, NULL, 0, 'MST005_EXPPROSPEK'),
('MST005_MRKPROSPEK1', '1', '0', 'HONDA', 'HONDA', 'T', NULL, NULL, NULL, NULL, 0, 'MST005_MRKPROSPEK'),
('MST005_MRKPROSPEK2', '2', '0', 'YAMAHA', 'YAMAHA', 'T', NULL, NULL, NULL, NULL, 0, 'MST005_MRKPROSPEK'),
('MST005_MRKPROSPEK3', '3', '0', 'SUZUKI', 'SUZUKI', 'T', NULL, NULL, NULL, NULL, 0, 'MST005_MRKPROSPEK'),
('MST005_MRKPROSPEK4', '4', '0', 'KAWASAKI', 'KAWASAKI', 'T', NULL, NULL, NULL, NULL, 0, 'MST005_MRKPROSPEK'),
('MST005_MRKPROSPEK5', '5', '0', 'Motor lain', 'Motor lain', 'T', NULL, NULL, NULL, NULL, 0, 'MST005_MRKPROSPEK'),
('MST005_MRKPROSPEK6', '6', '0', 'Belum pernah memiliki', 'Belum pernah memiliki', 'T', NULL, NULL, NULL, NULL, 0, 'MST005_MRKPROSPEK'),
('MST005_RELPROSPEK1', '1', '0', 'ISLAM', 'ISLAM', 'T', NULL, NULL, NULL, NULL, 0, 'MST005_RELPROSPEK'),
('MST005_RELPROSPEK2', '2', '0', 'KRISTEN', 'KRISTEN', 'T', NULL, NULL, NULL, NULL, 0, 'MST005_RELPROSPEK'),
('MST005_RELPROSPEK3', '3', '0', 'KATOLIK', 'KATOLIK', 'T', NULL, NULL, NULL, NULL, 0, 'MST005_RELPROSPEK'),
('MST005_RELPROSPEK4', '4', '0', 'HINDU', 'HINDU', 'T', NULL, NULL, NULL, NULL, 0, 'MST005_RELPROSPEK'),
('MST005_RELPROSPEK5', '5', '0', 'BUDHA', 'BUDHA', 'T', NULL, NULL, NULL, NULL, 0, 'MST005_RELPROSPEK'),
('MST005_RELPROSPEK6', '6', '0', 'LAIN-LAIN', 'LAIN-LAIN', 'T', NULL, NULL, NULL, NULL, 0, 'MST005_RELPROSPEK'),
('MST005_USEPROSPEK1', '1', '0', 'Berdagang', 'Berdagang', 'T', NULL, NULL, NULL, NULL, 0, 'MST005_USEPROSPEK'),
('MST005_USEPROSPEK2', '2', '0', 'Pemakaian jarak dekat', 'Pemakaian jarak dekat', 'T', NULL, NULL, NULL, NULL, 0, 'MST005_USEPROSPEK'),
('MST005_USEPROSPEK3', '3', '0', 'ke Sekolah/Kampus', 'ke Sekolah/Kampus', 'T', NULL, NULL, NULL, NULL, 0, 'MST005_USEPROSPEK'),
('MST005_USEPROSPEK4', '4', '0', 'Rekreasi/Olahraga', 'Rekreasi/Olahraga', 'T', NULL, NULL, NULL, NULL, 0, 'MST005_USEPROSPEK'),
('MST005_USEPROSPEK5', '5', '0', 'Kebutuhan keluarga', 'Kebutuhan keluarga', 'T', NULL, NULL, NULL, NULL, 0, 'MST005_USEPROSPEK'),
('MST005_USEPROSPEK6', '6', '0', 'Lain-lain', 'Lain-lain', 'T', NULL, NULL, NULL, NULL, 0, 'MST005_USEPROSPEK'),
('MST005_USEPROSPEK7', '7', '0', 'Bekerja', 'Bekerja', 'T', NULL, NULL, NULL, NULL, 0, 'MST005_USEPROSPEK'),
('MST005_WORPROSPEK1', '1', '0', 'Pegawai Negeri', 'Pegawai Negeri', 'T', NULL, NULL, NULL, NULL, 0, 'MST005_WORPROSPEK'),
('MST005_WORPROSPEK10', '10', '0', 'Profesional(Dokter/Pengacara)', 'Profesional(Dokter/Pengacara)', 'T', NULL, NULL, NULL, NULL, 0, 'MST005_WORPROSPEK'),
('MST005_WORPROSPEK11', '11', '0', 'Lain-Lain', 'Lain-Lain', 'T', NULL, NULL, NULL, NULL, 0, 'MST005_WORPROSPEK'),
('MST005_WORPROSPEK2', '2', '0', 'Pegawai Swasta', 'Pegawai Swasta', 'T', NULL, NULL, NULL, NULL, 0, 'MST005_WORPROSPEK'),
('MST005_WORPROSPEK4', '4', '0', 'Wiraswasta/Pedagang', 'Wiraswasta/Pedagang', 'T', NULL, NULL, NULL, NULL, 0, 'MST005_WORPROSPEK'),
('MST005_WORPROSPEK5', '5', '0', 'Mahasiswa/Pelajar', 'Mahasiswa/Pelajar', 'T', NULL, NULL, NULL, NULL, 0, 'MST005_WORPROSPEK'),
('MST005_WORPROSPEK6', '6', '0', 'Guru/Dosen', 'Guru/Dosen', 'T', NULL, NULL, NULL, NULL, 0, 'MST005_WORPROSPEK'),
('MST005_WORPROSPEK7', '7', '0', 'TNI/POLRI', 'TNI/POLRI', 'T', NULL, NULL, NULL, NULL, 0, 'MST005_WORPROSPEK'),
('MST005_WORPROSPEK8', '8', '0', 'Ibu Rumah Tangga', 'Ibu Rumah Tangga', 'T', NULL, NULL, NULL, NULL, 0, 'MST005_WORPROSPEK'),
('MST005_WORPROSPEK9', '9', '0', 'Petani/Nelayan', 'Petani/Nelayan', 'T', NULL, NULL, NULL, NULL, 0, 'MST005_WORPROSPEK'),
('MST_BOOKMARK_1', 'AHMDSH1C001', '0', '', NULL, '', NULL, NULL, NULL, NULL, 0, 'MST_BOOKMARK'),
('MST_BOOKMARK_2', 'AHMDSUAM002', '0', '', NULL, '', NULL, NULL, NULL, NULL, 0, 'MST_BOOKMARK'),
('MTS060_TIPEKARYAWA01', 'P', '0', 'GUDANG PART', 'TIPE KARYAWAN GUDANG PART', 'T', NULL, NULL, NULL, NULL, 0, 'MTS060_TIPEKARYAWAN'),
('MTS060_TIPEKARYAWA02', 'S', '0', 'SALES COUNTER', 'TIPE KARYAWAN SALES COUNTER', 'T', NULL, NULL, NULL, NULL, 0, 'MTS060_TIPEKARYAWAN'),
('MTS060_TIPEKARYAWA03', 'V', '0', 'SERVICE ADVISOR', 'TIPE KARYAWAN SERVICE ADVISOR', 'T', NULL, NULL, NULL, NULL, 0, 'MTS060_TIPEKARYAWAN'),
('MTS060_TIPEKARYAWA04', 'X', '0', 'OTHER SALES FORCE', 'TIPE KARYAWAN SALESFORCE', 'T', NULL, NULL, NULL, NULL, 0, 'MTS060_TIPEKARYAWAN'),
('MTS060_TIPEKARYAWA05', 'Z', '0', 'SALESMAN', 'TIPE KARYAWAN SALESMAN', 'T', NULL, NULL, NULL, NULL, 0, 'MTS060_TIPEKARYAWAN'),
('MTS060_TIPEKARYAWAN0', 'O', '0', 'OFFICE BOY', 'TIPE KARYAWAN OFFICE BOY', 'T', NULL, NULL, NULL, NULL, 0, 'MTS060_TIPEKARYAWAN'),
('MTS060_TIPEKARYAWAN1', 'A', '0', 'ADMINISTRASI', 'TIPE KARYAWAN ADMINISTRASI', 'T', NULL, NULL, NULL, NULL, 0, 'MTS060_TIPEKARYAWAN'),
('MTS060_TIPEKARYAWAN2', 'B', '0', 'KEPALA BENGKEL', 'TIPE KARYAWAN KEPALA BENGKEL', 'T', NULL, NULL, NULL, NULL, 0, 'MTS060_TIPEKARYAWAN'),
('MTS060_TIPEKARYAWAN3', 'F', '0', 'FRONT DESK', 'TIPE KARYAWAN FRONT DESK', 'T', NULL, NULL, NULL, NULL, 0, 'MTS060_TIPEKARYAWAN'),
('MTS060_TIPEKARYAWAN4', 'G', '0', 'GUDANG UNIT', 'TIPE KARYAWAN GUDANG UNIT', 'T', NULL, NULL, NULL, NULL, 0, 'MTS060_TIPEKARYAWAN'),
('MTS060_TIPEKARYAWAN5', 'H', '0', 'KEPALA MEKANIK', 'TIPE KARYAWAN KEPALA MEKANIK', 'T', NULL, NULL, NULL, NULL, 0, 'MTS060_TIPEKARYAWAN'),
('MTS060_TIPEKARYAWAN6', 'I', '0', 'FINAL INSPECTOR', 'TIPE KARYAWAN FINAL INSPECTION', 'T', NULL, NULL, NULL, NULL, 0, 'MTS060_TIPEKARYAWAN'),
('MTS060_TIPEKARYAWAN7', 'K', '0', 'KASIR', 'TIPE KARYAWAN KASIR', 'T', NULL, NULL, NULL, NULL, 0, 'MTS060_TIPEKARYAWAN'),
('MTS060_TIPEKARYAWAN8', 'M', '0', 'MEKANIK', 'TIPE KARYAWAN MEKANIK', 'T', NULL, NULL, NULL, NULL, 0, 'MTS060_TIPEKARYAWAN'),
('MTS061_LEVELKARYAWA1', 'BB', '0', 'X', 'Broker', 'T', NULL, NULL, NULL, NULL, 0, 'MTS061_LEVELKARYAWAN'),
('MTS061_LEVELKARYAWA2', 'C0', '0', 'S', 'Level Junior', 'T', NULL, NULL, NULL, NULL, 0, 'MTS061_LEVELKARYAWAN'),
('MTS061_LEVELKARYAWA3', 'C1', '0', 'S', 'Level Medium', 'T', NULL, NULL, NULL, NULL, 0, 'MTS061_LEVELKARYAWAN'),
('MTS061_LEVELKARYAWA4', 'C2', '0', 'S', 'Level Senior', 'T', NULL, NULL, NULL, NULL, 0, 'MTS061_LEVELKARYAWAN'),
('MTS061_LEVELKARYAWA5', 'M0', '0', 'Z', 'Level Junior', 'T', NULL, NULL, NULL, NULL, 0, 'MTS061_LEVELKARYAWAN'),
('MTS061_LEVELKARYAWA6', 'M1', '0', 'Z', 'Level Medium', 'T', NULL, NULL, NULL, NULL, 0, 'MTS061_LEVELKARYAWAN'),
('MTS061_LEVELKARYAWA7', 'M2', '0', 'Z', 'Level Senior', 'T', NULL, NULL, NULL, NULL, 0, 'MTS061_LEVELKARYAWAN'),
('MTS061_LEVELKARYAWA8', 'SS', '0', 'S', 'None', 'T', NULL, NULL, NULL, NULL, 0, 'MTS061_LEVELKARYAWAN'),
('MTS061_LEVELKARYAWA9', 'XX', '0', 'X', 'None', 'T', NULL, NULL, NULL, NULL, 0, 'MTS061_LEVELKARYAWAN'),
('MTS061_LEVELKARYAWAN', 'ZZ', '0', 'Z', 'None', 'T', NULL, NULL, NULL, NULL, 0, 'MTS061_LEVELKARYAWAN'),
('MTS062_TIPEGUDANG1', 'C', '0', 'CHANEL', 'TIPE CHANEL', 'T', NULL, NULL, NULL, NULL, 0, 'MTS062_TIPEGUDANG'),
('MTS062_TIPEGUDANG2', 'G', '0', 'GUDANG', 'TIPE GUDANG', 'T', NULL, NULL, NULL, NULL, 0, 'MTS062_TIPEGUDANG'),
('MTS062_TIPEGUDANG3', 'P', '0', 'POS', 'TIPE POS', 'T', NULL, NULL, NULL, NULL, 0, 'MTS062_TIPEGUDANG'),
('MTS062_TIPEGUDANG4', 'S', '0', 'SHOWROOM', 'TIPE SHOWROOM', 'T', NULL, NULL, NULL, NULL, 0, 'MTS062_TIPEGUDANG'),
('SETTING_PPN', '0.1', '0', '0.1', '% PPN (dalam desimal)', 'T', NULL, NULL, NULL, NULL, 0, 'SETTING_PPN'),
('VIDSETTING1Leasing', 'X', '1', 'Leasing', 'Kode Leasing', 'T', NULL, NULL, NULL, NULL, 0, 'a974fa71-10a3-11e5-8b13-a04fac6f2a85');

-- --------------------------------------------------------

--
-- Table structure for table `ahmdsbsc_hdrsetting`
--

CREATE TABLE IF NOT EXISTS `ahmdsbsc_hdrsetting` (
  `VID` varchar(64) NOT NULL,
  `VCREABY` varchar(255) DEFAULT NULL,
  `VMODIBY` varchar(255) DEFAULT NULL,
  `DCREA` datetime DEFAULT NULL,
  `DMODI` datetime DEFAULT NULL,
  `IVER` int(11) NOT NULL,
  `VDESCSETTING` varchar(100) NOT NULL,
  `VIDSETTING` varchar(20) NOT NULL,
  PRIMARY KEY (`VID`),
  UNIQUE KEY `UK_5r262idp0u919nu3d0x2i906f` (`VIDSETTING`)
) ENGINE=InnoDB DEFAULT CHARSET=latin1;

--
-- Dumping data for table `ahmdsbsc_hdrsetting`
--

INSERT INTO `ahmdsbsc_hdrsetting` (`VID`, `VCREABY`, `VMODIBY`, `DCREA`, `DMODI`, `IVER`, `VDESCSETTING`, `VIDSETTING`) VALUES
('0575f2ac-ca11-457b-8c2c-85f732115745', NULL, NULL, NULL, NULL, 0, '', 'MTS003_STATUSUNIT'),
('1efcd4ff-659b-11e5-b824-99dd8812c193', NULL, NULL, NULL, NULL, 0, 'CROSS SELLING SERVICE REMINDER', 'CRS_SVC_REMINDER'),
('28ef3be4-659b-11e5-b824-99dd8812c193', NULL, NULL, NULL, NULL, 0, 'CROSS SELLING TIPE KONSUMEN', 'CRS_TIPEKONSUMEN'),
('382022fb-659b-11e5-b824-99dd8812c193', NULL, NULL, NULL, NULL, 0, 'CROSS SELLING TIPE RELASI HUMAN', 'CRS_TIPERELASI'),
('6913be88-d9f0-4b45-9a1d-576cdf68909c', NULL, NULL, NULL, NULL, 0, '', 'MTS003_TIPERCV'),
('9bbbb9a8-9731-11e5-aebe-00ad62e65808', NULL, NULL, NULL, NULL, 0, 'CROSS SELLING SOURCE PEMBAWA', 'CRS_SRC_PEMBAWA'),
('a974fa71-10a3-11e5-8b13-a04fac6f2a85', NULL, NULL, NULL, NULL, 0, '', 'MTS009_TIPEPARTNER'),
('c10a3987-7863-11e5-b824-99dd8812c193', NULL, NULL, NULL, NULL, 0, 'TIPE KWITANSI', 'RPT013'),
('DEFAULT_HOME_APPS', NULL, NULL, NULL, NULL, 0, 'DEFAULT_HOME_APPS', 'DEFAULT_HOME_APPS'),
('e58113ed-eceb-4243-a0da-899def281ab4', NULL, NULL, NULL, NULL, 0, 'TIPE PENJUALAN', 'MTS062_TIPEPENJUALAN'),
('MST001_METODEBAYAR', NULL, NULL, NULL, NULL, 0, 'METODE BAYAR', 'MST001_METODEBAYAR'),
('MST005_EDUPROSPEK', NULL, NULL, NULL, NULL, 0, 'TIPE PEKERJAAN', 'MST005_EDUPROSPEK'),
('MST005_EXPPROSPEK', NULL, NULL, NULL, NULL, 0, 'TIPE PENGELUARAN', 'MST005_EXPPROSPEK'),
('MST005_MRKPROSPEK', NULL, NULL, NULL, NULL, 0, 'TIPE MERK', 'MST005_MRKPROSPEK'),
('MST005_RELPROSPEK', NULL, NULL, NULL, NULL, 0, 'TIPE AGAMA', 'MST005_RELPROSPEK'),
('MST005_USEPROSPEK', NULL, NULL, NULL, NULL, 0, 'TIPE PENGGUNAAN', 'MST005_USEPROSPEK'),
('MST005_WORPROSPEK', NULL, NULL, NULL, NULL, 0, 'TIPE PEKERJAAN', 'MST005_WORPROSPEK'),
('MST_BOOKMARK', NULL, NULL, NULL, NULL, 0, 'Master untuk default bookmark aplikasi', 'MST_BOOKMARK'),
('MTS060_TIPEKARYAWAN', NULL, NULL, NULL, NULL, 0, '', 'MTS060_TIPEKARYAWAN'),
('MTS061_LEVELKARYAWAN', NULL, NULL, NULL, NULL, 0, '', 'MTS061_LEVELKARYAWAN'),
('MTS062_TIPEGUDANG', NULL, NULL, NULL, NULL, 0, '', 'MTS062_TIPEGUDANG'),
('SETTING_PPN', NULL, NULL, NULL, NULL, 0, 'Besar PPN', 'SETTING_PPN');

-- --------------------------------------------------------

--
-- Table structure for table `ahmdsbsc_txnappcount`
--

CREATE TABLE IF NOT EXISTS `ahmdsbsc_txnappcount` (
  `VID` varchar(64) NOT NULL,
  `VCREABY` varchar(255) DEFAULT NULL,
  `DCREA` datetime DEFAULT NULL,
  `VMODIBY` varchar(255) DEFAULT NULL,
  `DMODI` datetime DEFAULT NULL,
  `IVER` int(11) NOT NULL,
  `IBULAN` int(11) DEFAULT NULL,
  `ICOUNTER` decimal(19,2) DEFAULT NULL,
  `ITAHUN` int(11) DEFAULT NULL,
  `VID_AHMJXUAM_MSTMENUS` varchar(64) DEFAULT NULL,
  PRIMARY KEY (`VID`),
  UNIQUE KEY `UK_eelqtph6ta6xnv0og479cfld` (`VID_AHMJXUAM_MSTMENUS`,`IBULAN`,`ITAHUN`),
  KEY `FK_ia8y2uoru6qsnlix0nujgcjbc` (`VID_AHMJXUAM_MSTMENUS`)
) ENGINE=InnoDB DEFAULT CHARSET=latin1;

--
-- Dumping data for table `ahmdsbsc_txnappcount`
--

INSERT INTO `ahmdsbsc_txnappcount` (`VID`, `VCREABY`, `DCREA`, `VMODIBY`, `DMODI`, `IVER`, `IBULAN`, `ICOUNTER`, `ITAHUN`, `VID_AHMJXUAM_MSTMENUS`) VALUES
('005b2898-ca9f-454b-acde-e92b6775e6de', 'USERNAME', '2015-10-06 12:39:58', 'USERNAME', '2015-10-23 08:40:21', 25, 10, '26.00', 2015, '4f3bc763-e0f2-4a03-86f6-bd96b444bf76'),
('02f9c7ce-1db7-44ba-9ddf-d1d3571c13fc', 'USERNAME', '2015-06-29 10:17:12', 'USERNAME', '2015-06-29 10:17:12', 57, 6, '58.00', 2015, '13'),
('03ac0186-2416-40ec-a8d3-57e597dbb9ae', 'username', '2015-07-03 14:01:38', 'USERNAME', '2015-07-10 16:22:45', 15, 7, '16.00', 2015, '13'),
('0510a276-6bba-4627-b1fc-49a87b41824d', 'username', '2015-08-04 15:28:32', 'USERNAME', '2015-08-28 15:36:19', 48, 8, '49.00', 2015, '10'),
('051a1407-110f-472a-86a0-07f29e016e10', 'username', '2016-01-12 13:07:40', 'username', '2016-01-12 13:07:40', 0, 1, '1.00', 2016, '19'),
('052e8437-6f76-4b76-b3d1-fb6d4236bef6', 'USERNAME', '2015-06-30 15:39:53', 'USERNAME', '2015-06-30 15:39:53', 39, 6, '40.00', 2015, '11'),
('0540e48f-5962-4de3-8a9c-9b52e66016b8', 'USERNAME', '2015-05-29 10:17:30', 'USERNAME', '2015-05-29 10:17:30', 85, 5, '86.00', 2015, '9'),
('0593d949-8c16-46b8-ba22-8f58c41ee4ba', 'username', '2016-02-01 11:50:48', 'username', '2016-02-24 18:44:52', 4, 2, '5.00', 2016, '21'),
('05a941ea-799a-47f3-acf3-4367ccff8ddb', 'username', '2016-01-07 08:22:14', 'username', '2016-01-28 10:50:59', 2, 1, '3.00', 2016, '13'),
('07973e9a-f763-4bac-bd16-c261c6b32db5', 'username', '2015-12-03 18:00:29', 'username', '2015-12-03 18:00:29', 0, 12, '1.00', 2015, '16'),
('09da238a-30c1-4359-bfe4-2dc8a4760eb9', 'USERNAME', '2015-06-30 15:41:24', 'USERNAME', '2015-06-30 15:41:24', 237, 6, '238.00', 2015, '10'),
('0aca4ef7-bddf-40ea-aad4-45a42fa9693c', 'USERNAME', '2015-06-30 16:03:37', 'USERNAME', '2015-06-30 16:03:37', 279, 6, '280.00', 2015, '9'),
('0cd18a82-daed-42f7-84bf-25a08bc60a22', 'username', '2016-02-18 14:01:45', 'username', '2016-02-18 14:01:45', 0, 2, '1.00', 2016, '17'),
('0e1b6afb-8efe-4054-9f31-5d8c64b767c4', 'username', '2015-11-11 09:43:50', 'USERNAME', '2015-11-24 13:11:32', 9, 11, '10.00', 2015, 'ac836ff9-b079-4fe1-9fe9-51988c21246c'),
('110b53f6-7f2e-47c1-a390-5c901cdeb0c5', 'username', '2015-11-02 08:29:51', 'USERNAME', '2015-11-19 15:32:58', 11, 11, '12.00', 2015, '259d06a9-59f5-4c29-a5f7-2aa686dc08d8'),
('111c6a83-b75e-43f3-a08c-3be1a7bbbd16', 'USERNAME', '2015-06-30 10:54:46', 'USERNAME', '2015-06-30 10:54:46', 201, 6, '202.00', 2015, '5'),
('123a7c19-0e76-4c59-844b-b9b31d477783', 'USERNAME', '2015-10-05 16:15:32', 'username', '2015-10-29 16:54:55', 50, 10, '51.00', 2015, '5'),
('15994107-72aa-4f1f-84e1-ed31efc0f57e', 'admin', '2016-03-03 17:09:56', 'admin', '2016-03-14 11:12:18', 41, 3, '42.00', 2016, '4f3bc763-e0f2-4a03-86f6-bd96b444bf76'),
('162f5fe9-558f-4d54-856a-00807ae5e650', 'username', '2015-07-02 11:24:07', 'username', '2015-07-28 08:49:00', 1, 7, '2.00', 2015, '8'),
('190e4175-061b-4f3f-840d-194866510ff5', 'USERNAME', '2015-05-29 09:37:28', 'USERNAME', '2015-05-29 09:37:28', 0, 5, '1.00', 2015, '8'),
('1c52a711-2100-47c1-aa2e-80883323d373', 'username', '2015-11-11 09:43:56', 'username', '2015-11-20 18:45:11', 5, 11, '6.00', 2015, '7f870582-28b3-4c94-a780-24a500dc1c17'),
('1d2d4198-f08d-4f82-81e2-eb06cd64e316', 'USERNAME', '2015-10-06 10:17:37', 'USERNAME', '2015-10-29 15:50:30', 72, 10, '73.00', 2015, '24692fa7-f0d0-4033-8594-c7e6b0dca5d8'),
('1e4edafa-184b-4611-80bc-50eceeada982', 'USERNAME', '2015-11-02 13:44:31', 'USERNAME', '2015-11-24 13:07:56', 23, 11, '24.00', 2015, '20'),
('1ed7a765-f9fe-41f0-a62f-aeb41a6c0f4c', 'username', '2016-02-03 08:45:37', 'username', '2016-02-24 18:47:03', 11, 2, '12.00', 2016, '9'),
('203c9a4b-727b-459e-bcae-8ae2dab35662', 'username', '2015-07-08 10:23:16', 'USERNAME', '2015-07-31 16:26:45', 345, 7, '346.00', 2015, '15'),
('212590d5-f62b-4822-9b29-c5eac973452f', 'USERNAME', '2015-06-29 10:28:08', 'USERNAME', '2015-06-29 10:28:08', 15, 6, '16.00', 2015, '8'),
('22ed294c-6d9e-4f23-8c4a-c357a629e115', 'username', '2016-01-04 09:59:07', 'username', '2016-01-26 15:54:49', 1, 1, '2.00', 2016, '24692fa7-f0d0-4033-8594-c7e6b0dca5d8'),
('22ef61c1-8da7-486a-ba67-3ae7dc217407', 'username', '2016-03-01 08:39:45', 'username', '2016-03-01 15:08:41', 13, 3, '14.00', 2016, '408f6c1f-2187-48ad-bf21-0870fed6cec9'),
('2357bb65-28c4-4d47-9219-ba08da433630', 'username', '2015-07-03 15:26:15', 'username', '2015-07-28 08:48:27', 34, 7, '35.00', 2015, '16'),
('23f8a7da-c0fa-4cc8-beb3-1cd9cea35789', 'USERNAME', '2016-01-04 16:20:38', 'username', '2016-01-28 10:50:30', 21, 1, '22.00', 2016, '4f3bc763-e0f2-4a03-86f6-bd96b444bf76'),
('24ec10f2-6fb6-4d77-abba-deb187030d37', 'username', '2016-01-07 08:45:18', 'username', '2016-01-20 16:24:50', 19, 1, '20.00', 2016, '5'),
('261d38ba-2453-4885-83dd-3cf80481ad9f', 'username', '2016-01-04 16:18:53', 'username', '2016-01-28 08:46:47', 18, 1, '19.00', 2016, '3'),
('26a63abc-2869-4e9a-967c-8b564d34a1db', 'username', '2015-09-15 13:28:30', 'username', '2015-09-23 14:52:53', 21, 9, '22.00', 2015, 'f4c58b01-4d73-4774-ba9c-c28e1ba75278'),
('2791b796-3020-4bec-b14e-9ee420b6f536', 'username', '2016-02-23 12:05:27', 'username', '2016-02-24 18:47:51', 1, 2, '2.00', 2016, '05498755-c266-4fca-8125-01720eb14d29'),
('283a1612-4cf3-4176-b284-e6aee26a9057', 'username', '2016-02-24 18:44:59', 'username', '2016-02-24 18:44:59', 0, 2, '1.00', 2016, 'b1b900b8-6fed-4f39-918a-879e1a653c70'),
('28ae0a14-89cd-4b67-b709-8a325a3f4b42', 'USERNAME', '2015-11-02 08:36:50', 'username', '2015-11-27 08:40:14', 152, 11, '153.00', 2015, '21'),
('29806fc5-d68d-42e0-9edd-b019aab45f36', 'username', '2015-08-04 15:32:03', 'USERNAME', '2015-08-07 08:49:27', 1, 8, '2.00', 2015, '8'),
('29811ce5-21ff-48c1-8b33-fc46ce40e855', 'username', '2016-02-01 11:52:03', 'username', '2016-02-24 18:44:50', 1, 2, '2.00', 2016, 'f4c58b01-4d73-4774-ba9c-c28e1ba75278'),
('2bb55cb2-fa89-4b1d-bfb1-3983067cebb2', 'USERNAME', '2015-07-07 11:36:43', 'USERNAME', '2015-07-29 10:16:24', 20, 7, '21.00', 2015, '9'),
('2d0f46bc-d77b-4049-94ab-8d1c88ddc174', 'username', '2015-11-05 16:35:30', 'USERNAME', '2015-11-24 08:56:13', 11, 11, '12.00', 2015, '17'),
('2dc8b5b5-c68e-40b0-aadb-c2014dc59532', 'USERNAME', '2015-07-07 13:13:24', 'USERNAME', '2015-07-07 13:41:20', 6, 7, '7.00', 2015, '11'),
('2e943965-79e4-4813-b4d9-bf6ee9941a07', 'username', '2015-07-08 13:05:26', 'username', '2015-07-28 09:19:34', 79, 7, '80.00', 2015, '17'),
('2f2c8a86-4434-4905-8bb2-43be56a1cf82', 'username', '2016-02-01 11:24:06', 'username', '2016-02-26 11:29:28', 6, 2, '7.00', 2016, '31485259-8e96-420e-a0bb-14e5c5a98ef4'),
('313c0a0d-3d9d-4298-a235-15f08ad7a595', 'username', '2015-08-05 09:14:17', 'username', '2015-08-26 14:22:30', 16, 8, '17.00', 2015, 'ac836ff9-b079-4fe1-9fe9-51988c21246c'),
('31a4c4a4-dfb7-4800-a97e-8d1fb9b691f8', 'username', '2016-02-01 11:23:06', 'username', '2016-02-24 18:44:41', 5, 2, '6.00', 2016, '15'),
('31a5ce9f-a377-4ee4-af6b-1684a77b7e30', 'username', '2015-11-02 07:59:20', 'USERNAME', '2015-11-17 17:00:06', 69, 11, '70.00', 2015, '196a21a0-8815-4db7-b93f-5753b6497b49'),
('31b20539-af35-49d8-8dba-73d0215f7116', 'username', '2015-11-16 13:51:52', 'username', '2015-11-30 16:50:38', 246, 11, '247.00', 2015, '31485259-8e96-420e-a0bb-14e5c5a98ef4'),
('32cf3219-f91e-4498-89cf-208850cbc52c', 'username', '2015-08-20 09:19:05', 'username', '2015-08-28 15:55:27', 26, 8, '27.00', 2015, '7f870582-28b3-4c94-a780-24a500dc1c17'),
('34b6b878-c2b8-4e1a-a46b-ee5987f72138', 'username', '2015-09-09 09:09:05', 'username', '2015-09-28 13:38:37', 3, 9, '4.00', 2015, '16'),
('359e603c-ca4b-46a7-80fe-6deedb29df98', 'username', '2016-01-20 11:19:30', 'username', '2016-01-20 14:17:19', 1, 1, '2.00', 2016, 'f4c58b01-4d73-4774-ba9c-c28e1ba75278'),
('3632d0ec-5299-465d-8cfb-98697774b61f', 'username', '2016-02-24 18:44:31', 'username', '2016-02-24 18:44:31', 0, 2, '1.00', 2016, '19'),
('3756b114-ccef-441e-acab-c8d9b13c94d4', 'username', '2016-02-01 14:55:37', 'username', '2016-02-24 18:17:14', 13, 2, '14.00', 2016, '3'),
('37a70a5e-8c97-4634-98b4-67c6a820a6c1', 'USERNAME', '2015-11-02 14:17:32', 'USERNAME', '2015-11-24 08:43:59', 18, 11, '19.00', 2015, '15'),
('3a874e48-073b-4c3c-98b6-1e151d3cbb0d', 'username', '2016-03-01 08:49:21', 'username', '2016-03-01 08:49:21', 0, 3, '1.00', 2016, '20'),
('3c745cd4-52a4-46fd-800b-b32539b3946e', 'username', '2016-01-19 15:14:20', 'username', '2016-01-19 15:14:20', 0, 1, '1.00', 2016, '74137ad2-504b-40d9-a08d-8cd12f483a19'),
('3da3b684-3f43-4bd0-b906-3f585f2c41cb', 'username', '2016-02-01 14:23:18', 'username', '2016-02-24 18:29:12', 3, 2, '4.00', 2016, '3c891cd1-4008-4826-ae7c-1eae20f08702'),
('3e39c271-358d-4c18-8b1a-0948d8a250ee', 'username', '2015-11-05 16:35:29', 'USERNAME', '2015-11-30 14:15:00', 4, 11, '5.00', 2015, '14'),
('3eb9fa8f-d87a-4609-80b8-c16e2d224d41', 'username', '2015-08-04 15:31:41', 'USERNAME', '2015-08-28 15:36:25', 6, 8, '7.00', 2015, '9'),
('40582bf6-e7a1-47e6-8d52-72c795383294', 'USERNAME', '2015-11-04 15:41:16', 'username', '2015-11-30 16:03:30', 13, 11, '14.00', 2015, '9'),
('40ebd471-85ce-4176-ab55-563d13d05df3', 'USERNAME', '2015-10-06 10:16:13', 'USERNAME', '2015-10-23 08:17:29', 16, 10, '17.00', 2015, 'ac836ff9-b079-4fe1-9fe9-51988c21246c'),
('41512c57-ebf3-4316-916a-12f3668137c7', 'USERNAME', '2015-10-26 13:58:47', 'USERNAME', '2015-10-30 16:06:21', 79, 10, '80.00', 2015, '21'),
('42615723-6e18-4541-aca1-c8317f9ec5f3', 'username', '2015-08-04 15:32:01', 'USERNAME', '2015-08-28 15:44:56', 7, 8, '8.00', 2015, '17'),
('445cd2ee-deea-45aa-ade9-743277ded136', 'username', '2016-01-18 10:06:37', 'username', '2016-01-28 10:50:27', 3, 1, '4.00', 2016, '05498755-c266-4fca-8125-01720eb14d29'),
('459315a4-078d-4a72-aff4-7fc1f1716634', 'USERNAME', '2015-05-29 09:37:19', 'USERNAME', '2015-05-29 09:37:19', 29, 5, '30.00', 2015, '10'),
('49f63aa0-da55-45c3-9711-862095a3157b', 'username', '2015-08-04 15:31:45', 'username', '2015-08-04 15:31:45', 0, 8, '1.00', 2015, '11'),
('4a46ce12-1862-410d-8e15-f81f7319ff34', 'username', '2016-02-23 11:50:55', 'username', '2016-02-24 18:47:54', 1, 2, '2.00', 2016, 'ac836ff9-b079-4fe1-9fe9-51988c21246c'),
('4cc26aed-8467-468e-8a6f-f460142fa0dd', 'username', '2015-12-01 13:59:40', 'USERNAME', '2015-12-21 13:05:44', 7, 12, '8.00', 2015, '10'),
('4d7bab0e-d1d3-460f-a6b6-94c6b328b62f', 'username', '2015-09-28 14:05:24', 'username', '2015-09-30 16:42:17', 28, 9, '29.00', 2015, '74137ad2-504b-40d9-a08d-8cd12f483a19'),
('4d86479f-336e-4d07-a48a-8a4cfb02231f', 'username', '2015-08-04 15:31:55', 'username', '2015-08-20 09:47:47', 1, 8, '2.00', 2015, '14'),
('504b128b-8da8-4090-b14a-a91fcba736c1', 'username', '2015-08-04 15:31:51', 'username', '2015-08-04 15:31:51', 0, 8, '1.00', 2015, '13'),
('50537dc8-145a-466b-841a-2eed113ab873', 'USERNAME', '2016-01-04 16:13:56', 'username', '2016-01-28 10:50:19', 8, 1, '9.00', 2016, 'ac836ff9-b079-4fe1-9fe9-51988c21246c'),
('506ad761-47c7-4c74-bc40-614c8e129294', 'username', '2016-02-03 09:45:16', 'username', '2016-02-29 15:07:46', 20, 2, '21.00', 2016, '16'),
('5193b45e-318b-4121-a931-05f0dc1d67e7', 'username', '2015-07-28 15:23:38', 'USERNAME', '2015-07-29 10:16:19', 12, 7, '13.00', 2015, '18'),
('525f5f4b-3a23-4d61-80cb-7d075d9f8a0f', 'username', '2015-11-02 08:29:33', 'username', '2015-11-30 09:29:09', 124, 11, '125.00', 2015, '3'),
('52647c19-2f54-4d54-832f-690f3702646f', 'username', '2016-03-01 09:18:39', 'username', '2016-03-01 11:16:17', 2, 3, '3.00', 2016, '15'),
('53d26700-a8ae-4928-b40d-1feda1427d17', 'username', '2015-09-02 16:09:18', 'username', '2015-09-08 14:48:42', 14, 9, '15.00', 2015, '4f3bc763-e0f2-4a03-86f6-bd96b444bf76'),
('53d3db07-d9c9-4228-a670-5f7f0a90c21b', 'username', '2015-10-01 15:33:37', 'USERNAME', '2015-10-05 16:15:02', 1, 10, '2.00', 2015, '12'),
('5517c9b0-0202-487b-a3eb-6c9f0bdc215b', 'username', '2016-02-01 14:22:44', 'username', '2016-02-25 11:38:32', 3, 2, '4.00', 2016, '7f870582-28b3-4c94-a780-24a500dc1c17'),
('576d1cb2-9395-47c2-b07e-44631673c370', 'username', '2016-02-01 11:51:29', 'username', '2016-02-24 18:44:46', 32, 2, '33.00', 2016, '5'),
('57cfe187-8099-4d8e-a129-fd7022f475ee', 'username', '2015-07-03 14:01:20', 'USERNAME', '2015-07-31 09:01:47', 11, 7, '12.00', 2015, '10'),
('57e3eab5-a28a-4377-b745-ee952530c089', 'username', '2015-09-22 16:00:07', 'USERNAME', '2015-09-30 17:18:10', 5, 9, '6.00', 2015, '8'),
('5aaf97a4-a75e-48b5-82ff-0846effe7ff8', 'username', '2016-01-08 08:29:45', 'username', '2016-01-19 08:15:35', 4, 1, '5.00', 2016, '12'),
('5c5698ed-3a4a-4a92-b8cd-2202e731f205', 'USERNAME', '2015-11-03 12:36:07', 'username', '2015-11-30 16:29:32', 13, 11, '14.00', 2015, '5'),
('5d534601-a67c-4bd8-999b-afc825514980', 'username', '2015-12-01 13:47:04', 'username', '2015-12-18 10:04:18', 1, 12, '2.00', 2015, '20'),
('5e0c2430-a7bb-4fbe-b244-2d7dacfee8cd', 'USERNAME', '2015-09-01 08:26:46', 'username', '2015-09-25 15:50:20', 32, 9, '33.00', 2015, '5'),
('5f5e46b2-f066-4411-948c-c8061d912e86', 'username', '2016-02-01 11:23:13', 'username', '2016-02-02 15:23:30', 3, 2, '4.00', 2016, '74137ad2-504b-40d9-a08d-8cd12f483a19'),
('60a7af51-5db3-4bc8-9d12-cae09fcc33b0', 'username', '2015-08-04 17:22:40', 'username', '2015-08-26 13:49:40', 17, 8, '18.00', 2015, '4f3bc763-e0f2-4a03-86f6-bd96b444bf76'),
('6141bc4c-0267-4efe-abc7-c2b356bf8a0b', 'admin', '2016-03-03 17:09:48', 'admin', '2016-03-14 11:12:16', 17, 3, '18.00', 2016, '3c891cd1-4008-4826-ae7c-1eae20f08702'),
('61877b4c-752e-440b-8d42-dc6aa2dce037', 'username', '2015-11-11 09:43:58', 'username', '2015-11-20 18:43:24', 2, 11, '3.00', 2015, '05498755-c266-4fca-8125-01720eb14d29'),
('63028573-4c34-4011-8195-d228b0f58328', 'USERNAME', '2015-08-03 10:38:55', 'USERNAME', '2015-08-31 15:44:42', 117, 8, '118.00', 2015, '3'),
('6411b283-51ea-4485-a464-4ec601170071', 'USERNAME', '2015-12-01 09:08:30', 'USERNAME', '2015-12-15 10:18:20', 2, 12, '3.00', 2015, '74137ad2-504b-40d9-a08d-8cd12f483a19'),
('66e419b7-3430-4897-8a86-7c9a99393fbf', 'username', '2016-01-04 16:17:59', 'username', '2016-01-21 16:06:04', 5, 1, '6.00', 2016, '20'),
('69ae1614-1ce5-4984-a49c-63fbe11254ac', 'USERNAME', '2015-11-03 12:36:00', 'USERNAME', '2015-11-19 15:32:53', 3, 11, '4.00', 2015, '24692fa7-f0d0-4033-8594-c7e6b0dca5d8'),
('6b0da42e-e06e-47b1-a9c3-e57952212db1', 'username', '2015-10-06 12:43:05', 'username', '2015-10-23 15:01:32', 8, 10, '9.00', 2015, '9'),
('6ea1886c-9079-4c7c-a8ae-f758bd9b54bb', 'username', '2015-08-04 15:31:49', 'USERNAME', '2015-08-07 09:59:19', 4, 8, '5.00', 2015, '12'),
('6f3777f7-891f-4673-b336-6f4d531cec94', 'USERNAME', '2015-06-30 10:11:55', 'USERNAME', '2015-06-30 10:11:55', 94, 6, '95.00', 2015, '14'),
('6f3d4a9f-1cbb-4eeb-929d-eb5b7d1e5fa5', 'username', '2015-11-11 09:43:12', 'username', '2015-11-30 08:36:58', 11, 11, '12.00', 2015, '6'),
('6f702e4f-429b-4b88-8e12-24ab48471622', 'USERNAME', '2016-01-04 16:13:44', 'username', '2016-01-08 08:34:46', 2, 1, '3.00', 2016, '7f870582-28b3-4c94-a780-24a500dc1c17'),
('714fb12b-0d0a-4ee8-af02-70d4771cfe84', 'username', '2016-03-01 08:48:54', 'username', '2016-03-01 13:34:12', 29, 3, '30.00', 2016, '5'),
('76f80c93-f184-4803-ae85-860ab9f37829', 'username', '2016-03-01 13:34:22', 'admin', '2016-03-12 14:20:37', 22, 3, '23.00', 2016, '6'),
('79563671-2c57-4c07-a959-b7862404519b', 'username', '2015-11-05 16:22:07', 'USERNAME', '2015-11-20 10:27:20', 2, 11, '3.00', 2015, 'b1b900b8-6fed-4f39-918a-879e1a653c70'),
('7a47f427-54f2-45d1-8f17-51766348db82', 'username', '2015-08-04 15:31:58', 'USERNAME', '2015-08-27 09:19:34', 1, 8, '2.00', 2015, '16'),
('7b82e1ea-2f15-431b-a29c-790aebf85ed6', 'username', '2015-09-25 07:53:01', 'USERNAME', '2015-09-25 16:28:01', 28, 9, '29.00', 2015, '19'),
('7c7e2d49-6b86-4175-a017-d32e57c3f50a', 'username', '2015-09-02 16:05:51', 'username', '2015-09-02 16:05:51', 0, 9, '1.00', 2015, '3c891cd1-4008-4826-ae7c-1eae20f08702'),
('7e14b8f4-a7ec-42c6-aede-165f3a11dcd0', 'USERNAME', '2015-10-01 08:31:02', 'USERNAME', '2015-10-30 14:55:44', 45, 10, '46.00', 2015, '6'),
('7e67a634-8e9e-4b98-9c41-82d28bb725af', 'username', '2015-10-06 12:43:17', 'USERNAME', '2015-10-16 14:36:15', 1, 10, '2.00', 2015, '19'),
('7e8fed21-8aa9-4d45-a3af-32e5dd9fd469', 'username', '2015-12-01 11:15:04', 'username', '2015-12-07 15:59:50', 5, 12, '6.00', 2015, 'b1b900b8-6fed-4f39-918a-879e1a653c70'),
('7eefa673-4c3f-4179-8f92-c9a0ca5b8678', 'username', '2015-11-20 08:02:44', 'username', '2015-11-20 18:50:33', 3, 11, '4.00', 2015, '13'),
('8047add3-bf73-4b7f-abc2-6b40cca8c428', 'USERNAME', '2015-10-05 10:17:04', 'username', '2015-10-29 09:18:03', 41, 10, '42.00', 2015, '15'),
('81a1a4ce-6090-4458-b073-924ba2b044b3', 'username', '2016-02-01 11:24:27', 'username', '2016-02-29 15:07:32', 2, 2, '3.00', 2016, '13'),
('81c5b222-ba70-4fb6-8a96-f93f5b23aab3', 'username', '2015-10-06 16:04:14', 'username', '2015-10-28 15:20:49', 27, 10, '28.00', 2015, '06d75906-0d02-4395-b9f7-a5aac3569fba'),
('81d59ce3-d43f-4e16-983c-cdf0c1828da1', 'USERNAME', '2015-12-08 11:31:10', 'username', '2015-12-16 08:07:07', 48, 12, '49.00', 2015, '6'),
('8217f0ca-74cd-47a4-b963-53a92ed431e3', 'USERNAME', '2015-11-16 09:20:00', 'USERNAME', '2015-11-24 09:52:55', 2, 11, '3.00', 2015, '19'),
('852c31eb-ef98-448b-bc7b-9b8f5e35cd54', 'USERNAME', '2015-07-07 11:37:06', 'USERNAME', '2015-07-28 15:51:40', 19, 7, '20.00', 2015, '5'),
('86935f04-c585-4e75-9569-df4c8750160a', 'username', '2016-01-21 16:03:45', 'username', '2016-01-21 16:40:01', 3, 1, '4.00', 2016, '06d75906-0d02-4395-b9f7-a5aac3569fba'),
('86e3a5ca-2853-450e-9860-b23380d8e8f4', 'USERNAME', '2015-10-01 07:47:37', 'username', '2015-10-30 13:44:54', 249, 10, '250.00', 2015, '3'),
('8954a16b-9ffb-4a32-a74f-c9c24ab62f3a', 'username', '2015-10-01 15:33:41', 'USERNAME', '2015-10-16 14:36:12', 3, 10, '4.00', 2015, '16'),
('898682c9-b11f-497c-9d7e-fc9b4da7e0a9', 'username', '2015-07-03 13:53:13', 'username', '2015-07-31 08:22:08', 6, 7, '7.00', 2015, '12'),
('8b6e320d-f476-4581-9f28-7d37cfe1efe4', 'admin', '2016-02-01 11:22:30', 'username', '2016-02-24 18:47:47', 4, 2, '5.00', 2016, '4f3bc763-e0f2-4a03-86f6-bd96b444bf76'),
('8bc1c2eb-9e9f-4a2a-93b6-495061eed89f', 'username', '2015-10-12 14:36:48', 'username', '2015-10-28 16:44:26', 37, 10, '38.00', 2015, '259d06a9-59f5-4c29-a5f7-2aa686dc08d8'),
('8cb37a9e-24e1-4e9a-8a9f-d5a5d7f14fd2', 'username', '2016-01-08 08:30:22', 'username', '2016-01-28 08:49:17', 4, 1, '5.00', 2016, '6'),
('8d187e89-219b-4bf8-b6b4-45eafc922acb', 'username', '2016-02-01 11:50:45', 'username', '2016-02-29 15:07:22', 28, 2, '29.00', 2016, '20'),
('8dd0168d-86f2-4d9e-97d0-134ac6d43ffb', 'username', '2015-10-06 11:13:08', 'USERNAME', '2015-10-16 14:36:08', 6, 10, '7.00', 2015, '13'),
('8e1fb995-a06a-426e-9791-dcb339db0207', 'username', '2016-01-08 08:37:32', 'username', '2016-01-28 10:51:25', 7, 1, '8.00', 2016, '10'),
('90bbdc05-9e93-4694-a7c2-bc98c3fee825', 'username', '2016-01-25 09:34:34', 'username', '2016-01-26 16:50:29', 3, 1, '4.00', 2016, '14'),
('91d0aaa6-dac2-472a-bc97-bee46ab93977', 'USERNAME', '2015-11-20 16:52:13', 'USERNAME', '2015-11-24 13:32:02', 5, 11, '6.00', 2015, '18'),
('93a5e79e-309b-4cf9-b91a-c955f16fddc2', 'USERNAME', '2015-12-15 10:17:20', 'USERNAME', '2015-12-15 10:17:20', 0, 12, '1.00', 2015, '5'),
('94178dd6-7d80-443a-8c72-f5e8a8515116', 'USERNAME', '2015-10-21 13:52:40', 'username', '2015-10-30 14:21:20', 54, 10, '55.00', 2015, '196a21a0-8815-4db7-b93f-5753b6497b49'),
('976c8c50-87e0-4368-bca2-94702fe30ea4', 'admin', '2016-03-03 17:09:59', 'admin', '2016-03-14 11:12:19', 12, 3, '13.00', 2016, '7f870582-28b3-4c94-a780-24a500dc1c17'),
('9a66619e-a014-42fc-a6db-d3ec69088c76', 'username', '2016-01-18 15:27:55', 'username', '2016-01-20 16:38:29', 67, 1, '68.00', 2016, '31485259-8e96-420e-a0bb-14e5c5a98ef4'),
('9ac97608-2793-4ca7-908d-a5c6a8319afe', 'USERNAME', '2015-09-01 08:57:28', 'username', '2015-09-25 17:56:35', 92, 9, '93.00', 2015, '15'),
('9c894ce9-17c6-4995-9788-ee5d4e730ff1', 'username', '2015-08-04 16:14:36', 'USERNAME', '2015-08-28 15:49:38', 43, 8, '44.00', 2015, '19'),
('9ccc1a7d-b283-4704-8786-bb56b8724dc6', 'username', '2015-12-01 11:08:18', 'username', '2015-12-22 09:21:25', 116, 12, '117.00', 2015, '3'),
('9ebf839b-1819-48ba-b47e-9f10f281f6bc', 'USERNAME', '2015-06-30 13:39:25', 'USERNAME', '2015-06-30 13:39:25', 141, 6, '142.00', 2015, '12'),
('a1683467-addf-4218-87f5-338a303ad59e', 'admin', '2016-03-03 17:10:01', 'admin', '2016-03-14 11:12:21', 36, 3, '37.00', 2016, '05498755-c266-4fca-8125-01720eb14d29'),
('a203f46a-195e-4edf-b984-49bed2df8fc3', 'username', '2015-11-11 09:43:52', 'USERNAME', '2015-11-24 13:11:29', 124, 11, '125.00', 2015, '4f3bc763-e0f2-4a03-86f6-bd96b444bf76'),
('a294d8c1-cac2-4df3-9cab-8654024bf166', 'username', '2016-02-01 11:52:54', 'username', '2016-02-29 15:07:31', 13, 2, '14.00', 2016, '10'),
('a4ba5a18-05ec-409b-aba6-f460d69af431', 'USERNAME', '2015-12-30 16:30:37', 'username', '2015-12-01 15:04:12', 6, 12, '7.00', 2015, '15'),
('a4fb7eb5-b8fa-4275-b42a-9e3ade06516a', 'username', '2015-11-05 16:35:32', 'username', '2015-11-27 08:45:18', 8, 11, '9.00', 2015, '8'),
('a66942c9-610a-4837-a647-de17d4e33244', 'USERNAME', '2015-12-01 09:25:18', 'USERNAME', '2015-12-21 13:03:32', 37, 12, '38.00', 2015, '31485259-8e96-420e-a0bb-14e5c5a98ef4'),
('a904e7bd-ef7a-472e-9776-965c563595ae', 'username', '2015-09-28 10:38:56', 'USERNAME', '2015-09-29 18:53:22', 14, 9, '15.00', 2015, '13'),
('aa3f61ff-4039-4b40-8875-ba7c62143b17', 'username', '2015-09-09 08:51:48', 'username', '2015-09-28 10:39:39', 13, 9, '14.00', 2015, '14'),
('aa7e07f4-7dbc-4b41-857f-83372ea5fa33', 'username', '2015-10-01 11:01:52', 'USERNAME', '2015-10-30 15:23:22', 77, 10, '78.00', 2015, '20'),
('af09332a-803e-490a-a6d3-c4892c9ac89d', 'username', '2016-01-19 11:08:19', 'username', '2016-01-19 11:08:19', 0, 1, '1.00', 2016, '9'),
('af9e74b2-5021-457c-800b-a2638b022d3a', 'USERNAME', '2015-09-01 08:26:31', 'USERNAME', '2015-09-30 16:19:32', 171, 9, '172.00', 2015, '3'),
('b3ce6ab8-bbad-4f9b-ad59-eb8d0c33ae59', 'USERNAME', '2015-10-16 14:35:58', 'USERNAME', '2015-10-16 14:35:58', 0, 10, '1.00', 2015, '8'),
('b42ed6df-568d-4fa2-9cd1-1d26845c9c8e', 'username', '2015-08-04 17:16:44', 'username', '2015-08-28 15:51:26', 30, 8, '31.00', 2015, '6'),
('b4705869-cd57-4a67-a9d2-26c4b25b0476', 'username', '2015-10-12 09:28:03', 'username', '2015-10-27 18:24:45', 6, 10, '7.00', 2015, '18'),
('b4db7245-421d-4377-988d-ba4c6c3148f7', 'USERNAME', '2015-08-05 15:06:28', 'USERNAME', '2015-08-31 09:20:41', 81, 8, '82.00', 2015, '5'),
('b660aba4-937b-40ce-adea-b61ebbef5467', 'USERNAME', '2015-12-21 13:03:14', 'USERNAME', '2015-12-21 13:03:14', 0, 12, '1.00', 2015, 'f4c58b01-4d73-4774-ba9c-c28e1ba75278'),
('b876f1d4-9174-4651-9e91-af00a1f244a9', 'USERNAME', '2015-09-02 09:02:04', 'username', '2015-09-29 10:17:31', 12, 9, '13.00', 2015, '6'),
('b946395a-4676-4653-9ca1-75c43fd887b2', 'username', '2015-09-15 13:27:48', 'username', '2015-09-28 14:04:42', 1, 9, '2.00', 2015, '7f870582-28b3-4c94-a780-24a500dc1c17'),
('bad47c89-2df8-43dd-abf3-a5586eb10219', 'USERNAME', '2015-10-02 09:15:33', 'USERNAME', '2015-10-23 08:17:21', 24, 10, '25.00', 2015, '3c891cd1-4008-4826-ae7c-1eae20f08702'),
('bdbfbd79-cb68-4cae-b2dc-8d1f80468d4d', 'username', '2015-10-01 08:26:25', 'USERNAME', '2015-10-29 15:51:11', 131, 10, '132.00', 2015, '74137ad2-504b-40d9-a08d-8cd12f483a19'),
('c177cef6-c926-4de0-a709-806415092bab', 'username', '2016-02-24 18:29:20', 'username', '2016-02-24 18:29:20', 0, 2, '1.00', 2016, '14'),
('c263e783-1c32-49fb-b675-1f403f80a1a6', 'username', '2016-02-24 18:47:06', 'username', '2016-02-24 18:47:06', 0, 2, '1.00', 2016, '12'),
('c5850bb6-2244-463f-ac67-58d02b6029ef', 'username', '2015-09-22 16:15:09', 'USERNAME', '2015-09-25 16:19:06', 8, 9, '9.00', 2015, '17'),
('c5d29b66-e2ca-467f-a41d-dd4582d107a2', 'USERNAME', '2015-07-09 08:44:40', 'USERNAME', '2015-07-31 09:13:56', 26, 7, '27.00', 2015, '3'),
('c6ca6721-dd66-4684-b2c5-d3e6dcbdba99', 'USERNAME', '2015-11-17 09:20:50', 'USERNAME', '2015-11-24 10:09:00', 18, 11, '19.00', 2015, '12'),
('c8de5a25-ca8a-4c91-b849-00f21d4e6a71', 'USERNAME', '2016-01-04 16:13:50', 'username', '2016-01-28 10:50:20', 8, 1, '9.00', 2016, '3c891cd1-4008-4826-ae7c-1eae20f08702'),
('c9a5c367-b01e-4a4e-8731-9d263b829a15', 'username', '2016-02-24 18:47:13', 'username', '2016-02-24 18:47:13', 0, 2, '1.00', 2016, '18'),
('cb40185e-4534-485b-a3b6-88bc3e1dd18b', 'username', '2016-01-12 13:05:33', 'username', '2016-01-12 13:05:33', 0, 1, '1.00', 2016, 'b1b900b8-6fed-4f39-918a-879e1a653c70'),
('cd927581-3599-4511-a09d-9bc44200c21c', 'username', '2015-12-07 10:46:58', 'USERNAME', '2015-12-21 13:05:00', 5, 12, '6.00', 2015, '9'),
('d264a162-4ed3-4ec5-b23f-e1ab17e65a4e', 'username', '2015-12-02 08:24:08', 'USERNAME', '2015-12-15 10:18:43', 7, 12, '8.00', 2015, '06d75906-0d02-4395-b9f7-a5aac3569fba'),
('d39e3433-b2f6-434e-bbbf-963020e435ad', 'username', '2015-11-05 16:35:28', 'username', '2015-11-30 08:40:45', 15, 11, '16.00', 2015, '10'),
('d43e314e-9083-4cce-a3a5-0be1011bf1b7', 'username', '2016-01-20 11:22:05', 'username', '2016-01-20 11:22:05', 0, 1, '1.00', 2016, '259d06a9-59f5-4c29-a5f7-2aa686dc08d8'),
('d6eacbea-2f46-4b69-a1cc-3ee46bb6ead2', 'username', '2015-08-04 15:31:37', 'username', '2015-08-06 11:47:44', 1, 8, '2.00', 2015, '18'),
('d8c4f79b-ab16-4473-a256-c7b286313d42', 'USERNAME', '2015-09-01 08:26:38', 'USERNAME', '2015-09-29 18:56:14', 120, 9, '121.00', 2015, '20'),
('d91805d7-7ffd-40d1-962c-8e33bdd221db', 'username', '2015-10-01 15:33:43', 'USERNAME', '2015-10-22 10:43:01', 7, 10, '8.00', 2015, '14'),
('d9f9f8a4-e40f-482e-8759-b1b2681f813d', 'USERNAME', '2015-10-02 09:15:22', 'USERNAME', '2015-10-23 08:17:22', 18, 10, '19.00', 2015, '7f870582-28b3-4c94-a780-24a500dc1c17'),
('dabd22d2-385e-4aa1-b013-1ed12f7d4420', 'username', '2016-02-19 08:29:09', 'username', '2016-02-24 18:44:57', 7, 2, '8.00', 2016, '06d75906-0d02-4395-b9f7-a5aac3569fba'),
('db0ea67a-ad76-4be5-996b-c5315fcc2329', 'username', '2016-01-12 11:33:18', 'username', '2016-01-28 10:51:20', 2, 1, '3.00', 2016, '15'),
('dca24048-fb7d-47b9-a63e-20b65d97ec69', 'USERNAME', '2015-09-08 15:48:03', 'username', '2015-09-25 09:06:24', 19, 9, '20.00', 2015, '9'),
('de050767-8599-4d02-ab24-88328bfdbc43', 'admin', '2016-03-03 17:06:08', 'admin', '2016-03-14 11:12:36', 26, 3, '27.00', 2016, 'ac836ff9-b079-4fe1-9fe9-51988c21246c'),
('de4f0513-6fd2-4ffd-89dc-fcb376a0fd5c', 'username', '2015-09-25 09:41:38', 'username', '2015-09-28 15:27:40', 3, 9, '4.00', 2015, '12'),
('e3e9d64c-05cd-4815-96b0-ab10b00373d2', 'username', '2015-10-06 11:12:10', 'username', '2015-10-28 10:46:42', 146, 10, '147.00', 2015, 'f4c58b01-4d73-4774-ba9c-c28e1ba75278'),
('e3f7d4c3-bd6b-468c-9571-9f50fa9e3022', 'USERNAME', '2015-11-02 16:13:53', 'username', '2015-11-20 19:34:17', 4, 11, '5.00', 2015, '74137ad2-504b-40d9-a08d-8cd12f483a19'),
('e8e3ffbf-f377-4d6a-bf23-73f31ece2727', 'USERNAME', '2015-09-02 09:11:25', 'username', '2015-09-09 16:22:28', 5, 9, '6.00', 2015, '10'),
('ea86a9b8-7b59-497a-889f-65c17237a6db', 'username', '2015-10-06 11:12:35', 'username', '2015-10-26 09:29:29', 12, 10, '13.00', 2015, '10'),
('ebcb2b3d-f149-4877-aa35-c46495e287a1', 'username', '2015-12-15 10:45:23', 'username', '2015-12-15 11:03:05', 2, 12, '3.00', 2015, '196a21a0-8815-4db7-b93f-5753b6497b49'),
('ec94331f-54f1-43e9-a631-0ecfb6589a31', 'username', '2015-07-03 14:09:21', 'username', '2015-07-28 08:48:23', 10, 7, '11.00', 2015, '14'),
('ed21846b-0e3e-4809-847b-925fbda97862', 'username', '2015-12-17 10:18:27', 'username', '2015-12-17 10:18:27', 0, 12, '1.00', 2015, '259d06a9-59f5-4c29-a5f7-2aa686dc08d8'),
('ed240a99-8637-4d5f-9bca-4134a25c2a32', 'USERNAME', '2015-10-23 08:18:05', 'username', '2015-10-28 18:42:33', 66, 10, '67.00', 2015, 'b1b900b8-6fed-4f39-918a-879e1a653c70'),
('ef23a814-057b-46c9-b1fd-f8080bc8deb4', 'username', '2016-02-24 18:44:43', 'username', '2016-02-24 18:44:43', 0, 2, '1.00', 2016, '196a21a0-8815-4db7-b93f-5753b6497b49'),
('f18056be-ec8a-43c7-a13f-aa0fdefa1e34', 'username', '2016-02-01 14:20:57', 'username', '2016-02-25 11:47:24', 5, 2, '6.00', 2016, '6'),
('f2573705-8796-45f0-9c3e-5076a79a501f', 'username', '2016-03-01 14:32:08', 'username', '2016-03-01 14:32:08', 0, 3, '1.00', 2016, '3'),
('f2833257-a8c6-4dcc-9878-5477099d8064', 'USERNAME', '2015-08-03 11:03:13', 'USERNAME', '2015-08-26 14:59:50', 184, 8, '185.00', 2015, '15'),
('f30a01b9-3228-41cf-a00a-70cfac723d69', 'username', '2016-01-21 15:46:43', 'username', '2016-01-26 15:54:35', 3, 1, '4.00', 2016, '21'),
('f41cece8-36f5-4b7c-8899-764ff19f08ac', 'username', '2015-08-10 10:54:48', 'USERNAME', '2015-08-31 15:44:59', 389, 8, '390.00', 2015, '20'),
('f47b4677-c9b3-4d69-9772-2e6e0592245d', 'username', '2015-11-11 09:43:20', 'USERNAME', '2015-11-24 13:10:03', 2, 11, '3.00', 2015, '16'),
('f665f5eb-aad7-409c-83ed-54c4b7d4443d', 'username', '2015-12-01 11:15:27', 'USERNAME', '2015-12-15 10:17:38', 2, 12, '3.00', 2015, '24692fa7-f0d0-4033-8594-c7e6b0dca5d8'),
('f71688d4-c2e6-4090-ae93-fd8f80e26395', 'username', '2015-11-02 16:22:28', 'username', '2015-11-30 16:02:49', 104, 11, '105.00', 2015, 'f4c58b01-4d73-4774-ba9c-c28e1ba75278'),
('f7248495-7375-4eec-91ff-9582eb26b2eb', 'username', '2015-11-11 09:43:54', 'USERNAME', '2015-11-24 08:42:57', 5, 11, '6.00', 2015, '3c891cd1-4008-4826-ae7c-1eae20f08702'),
('f7a74d3f-fc06-4443-b869-4c20ed8e9d27', 'username', '2016-02-02 15:24:18', 'username', '2016-02-24 18:44:54', 2, 2, '3.00', 2016, '259d06a9-59f5-4c29-a5f7-2aa686dc08d8'),
('f7f10ed8-329a-4294-b593-04865557f527', 'USERNAME', '2015-10-02 09:17:08', 'USERNAME', '2015-10-23 08:17:59', 83, 10, '84.00', 2015, '05498755-c266-4fca-8125-01720eb14d29'),
('f953601f-79c7-4ca0-86e7-fa14e51dff36', 'username', '2015-10-06 12:43:15', 'USERNAME', '2015-10-21 09:45:52', 4, 10, '5.00', 2015, '17'),
('f96bfb46-d2b1-46ed-8b60-b7590e11385f', 'username', '2015-11-04 15:09:26', 'username', '2015-11-23 09:30:45', 18, 11, '19.00', 2015, '06d75906-0d02-4395-b9f7-a5aac3569fba'),
('fa08ac37-18f1-4f83-a928-eb4b37b6f7c4', 'username', '2016-01-12 13:07:19', 'username', '2016-01-12 13:07:19', 0, 1, '1.00', 2016, '8'),
('fa44b9a1-d17a-4b42-a44d-271ee5cbd88b', 'username', '2015-08-12 08:55:56', 'username', '2015-08-27 11:09:19', 15, 8, '16.00', 2015, '3c891cd1-4008-4826-ae7c-1eae20f08702'),
('fafc80b7-5e02-442f-8304-d7e0e29a8809', 'username', '2016-02-25 11:39:23', 'username', '2016-02-29 15:04:37', 9, 2, '10.00', 2016, '408f6c1f-2187-48ad-bf21-0870fed6cec9'),
('fc6ee594-373d-478e-8ae6-5485cad459cd', 'USERNAME', '2015-12-08 09:56:05', 'USERNAME', '2015-12-21 10:49:11', 2, 12, '3.00', 2015, '4f3bc763-e0f2-4a03-86f6-bd96b444bf76'),
('fd3d07ba-7bb3-4212-bda0-0f2d2242fbe0', 'username', '2016-01-06 11:37:25', 'username', '2016-01-19 08:44:56', 1, 1, '2.00', 2016, '16'),
('ff16eb72-d5db-4972-82fc-a63f3d2eaaac', 'USERNAME', '2015-05-29 09:37:21', 'USERNAME', '2015-05-29 09:37:21', 0, 5, '1.00', 2015, '11'),
('ff8ec04b-c8bd-47b8-9264-d34b946538f2', 'username', '2016-02-01 11:23:15', 'username', '2016-02-24 18:45:00', 4, 2, '5.00', 2016, '24692fa7-f0d0-4033-8594-c7e6b0dca5d8');

-- --------------------------------------------------------

--
-- Table structure for table `ahmdsbsc_txnrunnum`
--

CREATE TABLE IF NOT EXISTS `ahmdsbsc_txnrunnum` (
  `VID` varchar(64) NOT NULL,
  `VCREABY` varchar(255) DEFAULT NULL,
  `DCREA` datetime DEFAULT NULL,
  `VMODIBY` varchar(255) DEFAULT NULL,
  `DMODI` datetime DEFAULT NULL,
  `IVER` int(11) NOT NULL,
  `IVALUE` int(11) NOT NULL,
  `VIDRUNNUM` varchar(20) NOT NULL,
  `VRESET` varchar(20) NOT NULL,
  PRIMARY KEY (`VID`),
  UNIQUE KEY `UK_j8cbsfh6g3wshnyyqtas9mey8` (`VIDRUNNUM`,`VRESET`)
) ENGINE=InnoDB DEFAULT CHARSET=latin1;

-- --------------------------------------------------------

--
-- Table structure for table `ahmdsh1c_hdruninvmd`
--

CREATE TABLE IF NOT EXISTS `ahmdsh1c_hdruninvmd` (
  `VID` varchar(64) NOT NULL,
  `VCREABY` varchar(255) DEFAULT NULL,
  `DCREA` datetime DEFAULT NULL,
  `VMODIBY` varchar(255) DEFAULT NULL,
  `DMODI` datetime DEFAULT NULL,
  `IVER` int(11) NOT NULL,
  PRIMARY KEY (`VID`)
) ENGINE=InnoDB DEFAULT CHARSET=latin1;

-- --------------------------------------------------------

--
-- Table structure for table `ahmjxuammstmenus_ahmjxuammstmenus_aud`
--

CREATE TABLE IF NOT EXISTS `ahmjxuammstmenus_ahmjxuammstmenus_aud` (
  `REV` int(11) NOT NULL,
  `VPARENT` varchar(64) NOT NULL,
  `VID` varchar(64) NOT NULL,
  `REVTYPE` tinyint(4) DEFAULT NULL,
  PRIMARY KEY (`REV`,`VPARENT`,`VID`),
  KEY `FK_h257l97mv936y7aj8synkr73x` (`REV`)
) ENGINE=InnoDB DEFAULT CHARSET=latin1;

-- --------------------------------------------------------

--
-- Table structure for table `ahmjxuam_dtlrlaccess`
--

CREATE TABLE IF NOT EXISTS `ahmjxuam_dtlrlaccess` (
  `VID` varchar(64) NOT NULL,
  `VCREABY` varchar(255) DEFAULT NULL,
  `DCREA` datetime DEFAULT NULL,
  `VMODIBY` varchar(255) DEFAULT NULL,
  `DMODI` datetime DEFAULT NULL,
  `IVER` int(11) NOT NULL,
  `VACTALLOWED` varchar(10) NOT NULL,
  `VFLAGENABLE` varchar(1) NOT NULL,
  `VID_AHMJXUAM_HDRRLACCESS` varchar(64) NOT NULL,
  PRIMARY KEY (`VID`),
  UNIQUE KEY `UK_k4rfbincuorg91vxnctqvrf1` (`VID_AHMJXUAM_HDRRLACCESS`,`VACTALLOWED`),
  KEY `FK_el27b8uk17vm4g5mdwsivsly3` (`VID_AHMJXUAM_HDRRLACCESS`)
) ENGINE=InnoDB DEFAULT CHARSET=latin1;

-- --------------------------------------------------------

--
-- Table structure for table `ahmjxuam_dtlrlaccess_aud`
--

CREATE TABLE IF NOT EXISTS `ahmjxuam_dtlrlaccess_aud` (
  `VID` varchar(64) NOT NULL,
  `REV` int(11) NOT NULL,
  `REVTYPE` tinyint(4) DEFAULT NULL,
  `VCREABY` varchar(255) DEFAULT NULL,
  `DCREA` datetime DEFAULT NULL,
  `VMODIBY` varchar(255) DEFAULT NULL,
  `DMODI` datetime DEFAULT NULL,
  `VACTALLOWED` varchar(10) DEFAULT NULL,
  `VFLAGENABLE` varchar(1) DEFAULT NULL,
  `VID_AHMJXUAM_HDRRLACCESS` varchar(64) DEFAULT NULL,
  PRIMARY KEY (`VID`,`REV`),
  KEY `FK_n0v7xdkhmdpu0b0avmw46axle` (`REV`)
) ENGINE=InnoDB DEFAULT CHARSET=latin1;

-- --------------------------------------------------------

--
-- Table structure for table `ahmjxuam_hdrrlaccess`
--

CREATE TABLE IF NOT EXISTS `ahmjxuam_hdrrlaccess` (
  `VID` varchar(64) NOT NULL,
  `VCREABY` varchar(255) DEFAULT NULL,
  `DCREA` datetime DEFAULT NULL,
  `VMODIBY` varchar(255) DEFAULT NULL,
  `DMODI` datetime DEFAULT NULL,
  `IVER` int(11) NOT NULL,
  `VID_AHMJXUAM_MSTMENUS` varchar(64) NOT NULL,
  `VID_AHMJXUAM_MSTROLES` varchar(64) NOT NULL,
  PRIMARY KEY (`VID`),
  UNIQUE KEY `UK_d3wfevtq8cf3d1pewe6yua7dn` (`VID_AHMJXUAM_MSTMENUS`,`VID_AHMJXUAM_MSTROLES`),
  KEY `FK_2let0pjj07qj3k16vartsnmg6` (`VID_AHMJXUAM_MSTMENUS`),
  KEY `FK_7rhm0gv5h3ggss7hada79jtll` (`VID_AHMJXUAM_MSTROLES`)
) ENGINE=InnoDB DEFAULT CHARSET=latin1;

--
-- Dumping data for table `ahmjxuam_hdrrlaccess`
--

INSERT INTO `ahmjxuam_hdrrlaccess` (`VID`, `VCREABY`, `DCREA`, `VMODIBY`, `DMODI`, `IVER`, `VID_AHMJXUAM_MSTMENUS`, `VID_AHMJXUAM_MSTROLES`) VALUES
('059a27a1-e917-4495-8536-5ee74c764b44', 'username', '2015-10-22 16:56:06', 'username', '2015-10-22 16:56:06', 0, 'b1b900b8-6fed-4f39-918a-879e1a653c70', '1'),
('1', NULL, NULL, NULL, NULL, 0, '1', '1'),
('11', NULL, NULL, NULL, NULL, 0, '10', '1'),
('12', NULL, NULL, NULL, NULL, 0, '11', '1'),
('14', NULL, NULL, NULL, NULL, 0, '13', '1'),
('15', NULL, NULL, NULL, NULL, 0, '14', '1'),
('16', NULL, NULL, NULL, NULL, 0, '15', '1'),
('17', NULL, NULL, NULL, NULL, 0, '16', '1'),
('18', NULL, NULL, NULL, NULL, 0, '17', '1'),
('19', NULL, NULL, NULL, NULL, 0, '18', '1'),
('2', NULL, NULL, NULL, NULL, 0, '2', '1'),
('20', NULL, NULL, NULL, NULL, 0, '19', '1'),
('2088a52d-a628-4318-9e5f-a3722f7dfbd6', 'username', '2016-02-25 11:38:56', 'username', '2016-02-25 11:38:56', 0, '408f6c1f-2187-48ad-bf21-0870fed6cec9', '1'),
('21', NULL, NULL, NULL, NULL, 0, '4f3bc763-e0f2-4a03-86f6-bd96b444bf76', '1'),
('22', NULL, NULL, NULL, NULL, 0, 'ac836ff9-b079-4fe1-9fe9-51988c21246c', '1'),
('23', NULL, NULL, NULL, NULL, 0, '3c891cd1-4008-4826-ae7c-1eae20f08702', '1'),
('24', NULL, NULL, NULL, NULL, 0, '20', '1'),
('25', NULL, NULL, NULL, NULL, 0, '7f870582-28b3-4c94-a780-24a500dc1c17', '1'),
('26', NULL, NULL, NULL, NULL, 0, '21', '1'),
('2828ce13-8691-418f-8e94-6e66d9c04419', 'username', '2016-01-08 08:36:05', 'username', '2016-01-08 08:36:05', 0, '9', '1'),
('2f6e856c-9fa8-11e5-b783-40b8db2111f2', NULL, NULL, NULL, NULL, 0, '22', '1'),
('3', NULL, NULL, NULL, NULL, 0, '1', '2'),
('3deb8463-6c6e-41cd-9fae-6b389111a3f9', 'username', '2015-09-28 14:05:13', 'username', '2015-09-28 14:05:13', 0, '74137ad2-504b-40d9-a08d-8cd12f483a19', '1'),
('4', NULL, NULL, NULL, NULL, 0, '3', '1'),
('42b115a4-0314-49e0-b8dc-1701ff8e41e0', 'USERNAME', '2015-10-02 09:16:44', 'USERNAME', '2015-10-02 09:16:44', 0, '05498755-c266-4fca-8125-01720eb14d29', '1'),
('5', NULL, NULL, NULL, NULL, 0, '4', '1'),
('5ad91503-2a5a-48dc-8f31-0289318bb029', 'USERNAME', '2015-10-06 10:17:10', 'USERNAME', '2015-10-06 10:17:10', 0, '24692fa7-f0d0-4033-8594-c7e6b0dca5d8', '1'),
('6', NULL, NULL, NULL, NULL, 0, '5', '1'),
('6295c2dd-e1d6-4bf8-a401-9ecf0fd6c6d0', 'username', '2015-10-12 14:36:35', 'username', '2015-10-12 14:36:35', 0, '259d06a9-59f5-4c29-a5f7-2aa686dc08d8', '1'),
('669a5afb-51a1-40e2-ab9c-c12c9d8251bf', 'username', '2015-10-16 15:45:05', 'username', '2015-10-16 15:45:05', 0, '3c891cd1-4008-4826-ae7c-1eae20f08702', 'ad9d918a-da50-4c65-bb05-c76536b50e36'),
('7', NULL, NULL, NULL, NULL, 0, '6', '1'),
('71226044-62af-4860-baf3-4160c47b9519', 'username', '2015-10-16 15:44:36', 'username', '2015-10-16 15:44:36', 0, '4f3bc763-e0f2-4a03-86f6-bd96b444bf76', 'ad9d918a-da50-4c65-bb05-c76536b50e36'),
('73696444-137d-426a-8fe7-8cb9b6ff574c', 'username', '2015-10-16 16:19:08', 'username', '2015-10-16 16:19:08', 0, '6', 'ad9d918a-da50-4c65-bb05-c76536b50e36'),
('7af817a7-8380-4e0f-aa3d-d66fc52f9c7b', 'username', '2015-10-16 15:44:17', 'username', '2015-10-16 15:44:17', 0, '1', 'ad9d918a-da50-4c65-bb05-c76536b50e36'),
('8', NULL, NULL, NULL, NULL, 0, '7', '1'),
('83ba36e6-4a1e-49dd-bb1e-e5f370f5970a', 'username', '2015-11-16 13:50:37', 'username', '2015-11-16 13:50:37', 0, '31485259-8e96-420e-a0bb-14e5c5a98ef4', '1'),
('9', NULL, NULL, NULL, NULL, 0, '8', '1'),
('92e1f912-6a7b-4e86-9ce2-d6f00cb4079e', 'username', '2015-10-16 16:19:24', 'username', '2015-10-16 16:19:24', 0, '7f870582-28b3-4c94-a780-24a500dc1c17', 'ad9d918a-da50-4c65-bb05-c76536b50e36'),
('961720a3-817d-41c3-a554-506911b2c7b8', 'username', '2015-10-16 16:18:47', 'username', '2015-10-16 16:18:47', 0, 'ac836ff9-b079-4fe1-9fe9-51988c21246c', 'ad9d918a-da50-4c65-bb05-c76536b50e36'),
('99', NULL, NULL, NULL, NULL, 0, '99', '1'),
('998fde27-fdb1-4a86-8be4-03d1fee32e1e', 'username', '2015-08-20 09:23:05', 'username', '2015-08-20 09:23:05', 0, '12', '1'),
('a1909ee1-7f24-4139-9183-8f92306c2082', 'username', '2015-10-16 15:44:17', 'username', '2015-10-16 15:44:17', 0, '05498755-c266-4fca-8125-01720eb14d29', 'ad9d918a-da50-4c65-bb05-c76536b50e36'),
('b6417896-b93a-45ca-9c6b-d25fe1ed2951', 'USERNAME', '2015-10-21 10:57:58', 'USERNAME', '2015-10-21 10:57:58', 0, '196a21a0-8815-4db7-b93f-5753b6497b49', '1'),
('c11e1b69-b7d5-48c8-ae7b-042a312b96fe', 'username', '2015-11-20 18:45:39', 'username', '2015-11-20 18:45:39', 0, '10', 'ad9d918a-da50-4c65-bb05-c76536b50e36'),
('c7478200-e118-43c3-bcf3-b15c411b5a78', 'username', '2015-09-15 13:28:22', 'username', '2015-09-15 13:28:22', 0, 'f4c58b01-4d73-4774-ba9c-c28e1ba75278', '1'),
('ce7714fd-d192-41be-8762-16bd92634e24', 'username', '2015-10-06 16:02:04', 'username', '2015-10-06 16:02:04', 0, '06d75906-0d02-4395-b9f7-a5aac3569fba', '1'),
('e39fe82d-cfff-435e-a2c9-4ceb1b2eab14', 'username', '2015-08-26 14:26:44', 'username', '2015-08-26 14:26:44', 0, '13', '2'),
('f4740958-3028-4d0c-ab46-d8b78b2e337f', 'username', '2015-08-26 15:53:09', 'username', '2015-08-26 15:53:09', 0, '12', '0960e592-1bd9-41ab-91b2-1e0a06febe42');

-- --------------------------------------------------------

--
-- Table structure for table `ahmjxuam_hdrrlaccess_aud`
--

CREATE TABLE IF NOT EXISTS `ahmjxuam_hdrrlaccess_aud` (
  `VID` varchar(64) NOT NULL,
  `REV` int(11) NOT NULL,
  `REVTYPE` tinyint(4) DEFAULT NULL,
  `VCREABY` varchar(255) DEFAULT NULL,
  `DCREA` datetime DEFAULT NULL,
  `VMODIBY` varchar(255) DEFAULT NULL,
  `DMODI` datetime DEFAULT NULL,
  `VID_AHMJXUAM_MSTMENUS` varchar(64) DEFAULT NULL,
  `VID_AHMJXUAM_MSTROLES` varchar(64) DEFAULT NULL,
  PRIMARY KEY (`VID`,`REV`),
  KEY `FK_71syoiv2hudaj40xd57mlxbo0` (`REV`)
) ENGINE=InnoDB DEFAULT CHARSET=latin1;

-- --------------------------------------------------------

--
-- Table structure for table `ahmjxuam_hstappusgs`
--

CREATE TABLE IF NOT EXISTS `ahmjxuam_hstappusgs` (
  `VID` varchar(64) NOT NULL,
  `VCREABY` varchar(255) DEFAULT NULL,
  `DCREA` datetime DEFAULT NULL,
  `VMODIBY` varchar(255) DEFAULT NULL,
  `DMODI` datetime DEFAULT NULL,
  `IVER` int(11) NOT NULL,
  `DACCESSTIME` datetime DEFAULT NULL,
  `VAPP` varchar(128) DEFAULT NULL,
  `VBROWSER` varchar(30) DEFAULT NULL,
  `VIPADDRESS` varchar(20) DEFAULT NULL,
  `VOS` varchar(30) DEFAULT NULL,
  `VUSERNAME` varchar(30) NOT NULL,
  PRIMARY KEY (`VID`),
  UNIQUE KEY `UK_brgtulrjo4mdaetgrdalgfabt` (`VUSERNAME`)
) ENGINE=InnoDB DEFAULT CHARSET=latin1;

-- --------------------------------------------------------

--
-- Table structure for table `ahmjxuam_hstappusgs_aud`
--

CREATE TABLE IF NOT EXISTS `ahmjxuam_hstappusgs_aud` (
  `VID` varchar(64) NOT NULL,
  `REV` int(11) NOT NULL,
  `REVTYPE` tinyint(4) DEFAULT NULL,
  `VCREABY` varchar(255) DEFAULT NULL,
  `DCREA` datetime DEFAULT NULL,
  `VMODIBY` varchar(255) DEFAULT NULL,
  `DMODI` datetime DEFAULT NULL,
  `DACCESSTIME` datetime DEFAULT NULL,
  `VAPP` varchar(128) DEFAULT NULL,
  `VBROWSER` varchar(30) DEFAULT NULL,
  `VIPADDRESS` varchar(20) DEFAULT NULL,
  `VOS` varchar(30) DEFAULT NULL,
  `VUSERNAME` varchar(30) DEFAULT NULL,
  PRIMARY KEY (`VID`,`REV`),
  KEY `FK_9ewkrkagdhvhul28nnlrcc5jm` (`REV`)
) ENGINE=InnoDB DEFAULT CHARSET=latin1;

-- --------------------------------------------------------

--
-- Table structure for table `ahmjxuam_hstsvcusgs`
--

CREATE TABLE IF NOT EXISTS `ahmjxuam_hstsvcusgs` (
  `VID` varchar(64) NOT NULL,
  `VCREABY` varchar(255) DEFAULT NULL,
  `DCREA` datetime DEFAULT NULL,
  `VMODIBY` varchar(255) DEFAULT NULL,
  `DMODI` datetime DEFAULT NULL,
  `IVER` int(11) NOT NULL,
  `DACCESSTIME` datetime DEFAULT NULL,
  `VBROWSER` varchar(30) DEFAULT NULL,
  `VIPADDRESS` varchar(20) DEFAULT NULL,
  `VOS` varchar(30) DEFAULT NULL,
  `VURL` varchar(128) DEFAULT NULL,
  `VUSERNAME` varchar(30) NOT NULL,
  PRIMARY KEY (`VID`),
  UNIQUE KEY `UK_jmjk77vyu3jm69f0a40mc3ui0` (`VUSERNAME`)
) ENGINE=InnoDB DEFAULT CHARSET=latin1;

-- --------------------------------------------------------

--
-- Table structure for table `ahmjxuam_hstsvcusgs_aud`
--

CREATE TABLE IF NOT EXISTS `ahmjxuam_hstsvcusgs_aud` (
  `VID` varchar(64) NOT NULL,
  `REV` int(11) NOT NULL,
  `REVTYPE` tinyint(4) DEFAULT NULL,
  `VCREABY` varchar(255) DEFAULT NULL,
  `DCREA` datetime DEFAULT NULL,
  `VMODIBY` varchar(255) DEFAULT NULL,
  `DMODI` datetime DEFAULT NULL,
  `DACCESSTIME` datetime DEFAULT NULL,
  `VBROWSER` varchar(30) DEFAULT NULL,
  `VIPADDRESS` varchar(20) DEFAULT NULL,
  `VOS` varchar(30) DEFAULT NULL,
  `VURL` varchar(128) DEFAULT NULL,
  `VUSERNAME` varchar(30) DEFAULT NULL,
  PRIMARY KEY (`VID`,`REV`),
  KEY `FK_9j6fpbjmiqoewarp7dtdmq16k` (`REV`)
) ENGINE=InnoDB DEFAULT CHARSET=latin1;

-- --------------------------------------------------------

--
-- Table structure for table `ahmjxuam_mstapps`
--

CREATE TABLE IF NOT EXISTS `ahmjxuam_mstapps` (
  `VID` varchar(64) NOT NULL,
  `VCREABY` varchar(255) DEFAULT NULL,
  `DCREA` datetime DEFAULT NULL,
  `VMODIBY` varchar(255) DEFAULT NULL,
  `DMODI` datetime DEFAULT NULL,
  `IVER` int(11) NOT NULL,
  `VDESC` varchar(255) DEFAULT NULL,
  `VNAME` varchar(255) DEFAULT NULL,
  `VSTAT` varchar(1) DEFAULT NULL,
  PRIMARY KEY (`VID`)
) ENGINE=InnoDB DEFAULT CHARSET=latin1;

-- --------------------------------------------------------

--
-- Table structure for table `ahmjxuam_mstapps_aud`
--

CREATE TABLE IF NOT EXISTS `ahmjxuam_mstapps_aud` (
  `VID` varchar(64) NOT NULL,
  `REV` int(11) NOT NULL,
  `REVTYPE` tinyint(4) DEFAULT NULL,
  `VCREABY` varchar(255) DEFAULT NULL,
  `DCREA` datetime DEFAULT NULL,
  `VMODIBY` varchar(255) DEFAULT NULL,
  `DMODI` datetime DEFAULT NULL,
  `VDESC` varchar(255) DEFAULT NULL,
  `VNAME` varchar(255) DEFAULT NULL,
  `VSTAT` varchar(1) DEFAULT NULL,
  PRIMARY KEY (`VID`,`REV`),
  KEY `FK_2dp9ae822td2iyik06m5sni76` (`REV`)
) ENGINE=InnoDB DEFAULT CHARSET=latin1;

-- --------------------------------------------------------

--
-- Table structure for table `ahmjxuam_mstmenus`
--

CREATE TABLE IF NOT EXISTS `ahmjxuam_mstmenus` (
  `VID` varchar(64) NOT NULL,
  `VCREABY` varchar(255) DEFAULT NULL,
  `DCREA` datetime DEFAULT NULL,
  `VMODIBY` varchar(255) DEFAULT NULL,
  `DMODI` datetime DEFAULT NULL,
  `IVER` int(11) NOT NULL,
  `VAPPLICATION_ID` varchar(16) DEFAULT NULL,
  `VMENU_ID` varchar(16) NOT NULL,
  `VTITLE` varchar(36) NOT NULL,
  `VURL` varchar(128) DEFAULT NULL,
  `VPARENT` varchar(64) DEFAULT NULL,
  `VSTAT` varchar(1) DEFAULT NULL,
  `VICON` varchar(128) DEFAULT NULL,
  `IORDER` int(11) DEFAULT NULL,
  PRIMARY KEY (`VID`),
  UNIQUE KEY `UK_tmy5mrpsec6tjnwrc4hmmy2yx` (`VAPPLICATION_ID`),
  KEY `FK_5xfenulbuai2uon99nc8pc3lh` (`VPARENT`)
) ENGINE=InnoDB DEFAULT CHARSET=latin1;

--
-- Dumping data for table `ahmjxuam_mstmenus`
--

INSERT INTO `ahmjxuam_mstmenus` (`VID`, `VCREABY`, `DCREA`, `VMODIBY`, `DMODI`, `IVER`, `VAPPLICATION_ID`, `VMENU_ID`, `VTITLE`, `VURL`, `VPARENT`, `VSTAT`, `VICON`, `IORDER`) VALUES
('05498755-c266-4fca-8125-01720eb14d29', 'USERNAME', '2015-10-01 08:33:05', 'USERNAME', '2015-10-01 08:33:05', 0, 'AHMJXUAM010', 'AHMJXUAM010', 'Upload License', 'AHMJXUAM010', '1', 'T', 'glyphicon glyphicon-list-alt', NULL),
('06d75906-0d02-4395-b9f7-a5aac3569fba', 'username', '2015-10-06 16:01:40', 'username', '2015-10-06 16:01:40', 0, 'AHMDSH1C011', 'AHMDSH1C011', 'Cetak Invoice', 'AHMDSH1C011', '2', 'T', 'glyphicon glyphicon-list-alt', NULL),
('1', NULL, NULL, NULL, NULL, 0, NULL, 'ROOT1', '2 Administrasi', NULL, NULL, 'T', 'glyphicon glyphicon-list-alt', NULL),
('10', NULL, NULL, 'username', '2015-11-20 18:46:33', 12, 'AHMDSH1C008', 'AHMDSH1C008', 'Maintain Karyawan', 'AHMDSH1C008', '99', 'T', 'glyphicon glyphicon-list-alt', NULL),
('11', NULL, NULL, 'USERNAME', '2015-12-10 08:03:24', 2, 'AHMDSH1C999', 'AHMDSH1C999', 'Aplikasi Testing 1', 'AHMDSH1C999', '11', 'T', 'glyphicon glyphicon-road', NULL),
('12', NULL, NULL, 'username', '2015-11-20 18:39:44', 9, 'AHMDSH1C033', 'AHMDSH1C033', 'Maintain Lokasi', 'AHMDSH1C033', '99', 'T', 'glyphicon glyphicon-list-alt', NULL),
('13', NULL, NULL, 'username', '2015-11-20 18:33:00', 8, 'AHMDSH1C009', 'AHMDSH1C009', 'Maintain Partner', 'AHMDSH1C009', '99', 'T', 'glyphicon glyphicon-list-alt', NULL),
('14', NULL, NULL, 'username', '2015-11-20 18:33:11', 8, 'AHMDSH1C010', 'AHMDSH1C010', 'Maintain Customer Group', 'AHMDSH1C010', '99', 'T', 'glyphicon glyphicon-list-alt', NULL),
('15', NULL, NULL, NULL, NULL, 0, 'AHMDSH1C002', 'AHMDSH1C002', 'Manage PO', 'AHMDSH1C002', '2', 'T', 'glyphicon glyphicon-list-alt', NULL),
('16', NULL, NULL, 'username', '2015-11-20 18:33:54', 8, 'AHMDSH1C028', 'AHMDSH1C028', 'Maintain Type Color', 'AHMDSH1C028', '99', 'T', 'glyphicon glyphicon-list-alt', NULL),
('17', NULL, NULL, 'username', '2015-11-20 18:33:26', 8, 'AHMDSH1C024', 'AHMDSH1C024', 'Maintain Accessories', 'AHMDSH1C024', '99', 'T', 'glyphicon glyphicon-list-alt', NULL),
('18', NULL, NULL, 'username', '2015-11-20 18:34:08', 8, 'AHMDSH1C029', 'AHMDSH1C029', 'Monitoring FinCoy', 'AHMDSH1C029', '99', 'T', 'glyphicon glyphicon-list-alt', NULL),
('19', NULL, NULL, 'username', '2015-11-20 18:33:40', 8, 'AHMDSH1C025', 'AHMDSH1C025', 'Maintain Stock Acc', 'AHMDSH1C025', '99', 'T', 'glyphicon glyphicon-list-alt', NULL),
('196a21a0-8815-4db7-b93f-5753b6497b49', 'USERNAME', '2015-10-21 10:56:51', 'USERNAME', '2015-10-21 10:56:51', 0, 'AHMDSH1C020', 'AHMDSH1C020', 'Permohonan Faktur STNK ', 'AHMDSH1C020', '2', 'T', 'glyphicon glyphicon-list-alt', NULL),
('2', NULL, NULL, NULL, NULL, 0, NULL, 'Unit', '1 Unit', NULL, NULL, 'T', 'glyphicon glyphicon-list-alt', NULL),
('20', NULL, NULL, NULL, NULL, 0, 'AHMDSH1C004', 'AHMDSH1C004', 'Invoice', 'AHMDSH1C004', '2', 'T', 'glyphicon glyphicon-list-alt', NULL),
('21', NULL, NULL, NULL, NULL, 0, 'AHMDSH1C021', 'AHMDSH1C021', 'Surat Jalan & KSU', 'AHMDSH1C021', '2', 'T', 'glyphicon glyphicon-list-alt', NULL),
('22', '', NULL, NULL, NULL, 0, NULL, 'CrossSelling', 'Cross Selling', NULL, NULL, 'T', 'glyphicon glyphicon-list-alt', NULL),
('24692fa7-f0d0-4033-8594-c7e6b0dca5d8', 'USERNAME', '2015-10-06 10:15:45', 'USERNAME', '2015-10-06 10:15:45', 0, 'AHMDSH1C014', 'AHMDSH1C014', 'Laporan Penjualan Unit', 'AHMDSH1C014', '2', 'T', 'glyphicon glyphicon-list-alt', NULL),
('259d06a9-59f5-4c29-a5f7-2aa686dc08d8', 'username', '2015-10-12 14:36:14', 'username', '2015-10-12 14:36:14', 0, 'AHMDSH1C034', 'AHMDSH1C034', 'Surat Pesanan Unit', 'AHMDSH1C034', '2', 'T', 'glyphicon glyphicon-list-alt', NULL),
('3', NULL, NULL, NULL, NULL, 0, 'AHMDSH1C001', 'AHMDSH1C001', 'Sales Ordering', 'AHMDSH1C001', '2', 'T', 'glyphicon glyphicon-list-alt', NULL),
('31485259-8e96-420e-a0bb-14e5c5a98ef4', 'username', '2015-11-16 13:49:13', 'username', '2015-11-16 13:49:13', 0, 'AHMDSCRS003', 'AHMDSCRS003', 'Upload Data Pembawa', 'AHMDSCRS003', '22', 'T', 'glyphicon glyphicon-list-alt', NULL),
('3c891cd1-4008-4826-ae7c-1eae20f08702', 'username', '2015-08-05 09:01:06', 'username', '2015-08-05 09:01:06', 0, 'AHMJXUAM005', 'AHMJXUAM005', 'Maintain User Role', 'AHMJXUAM005', '1', 'T', 'glyphicon glyphicon-list-alt', NULL),
('4', NULL, NULL, 'username', '2015-09-02 09:27:57', 13, NULL, 'R1_1', 'Menu Root 1 LV1 1', NULL, '1', 'T', 'glyphicon glyphicon-list-alt', NULL),
('408f6c1f-2187-48ad-bf21-0870fed6cec9', 'username', '2016-02-25 11:38:27', 'username', '2016-02-25 11:38:27', 0, 'AHMDSH1C035', 'AHMDSH1C035', 'Monitoring Stock Unit', 'AHMDSH1C035', '2', 'T', 'glyphicon glyphicon-camera', NULL),
('4f3bc763-e0f2-4a03-86f6-bd96b444bf76', 'username', '2015-08-04 17:17:32', 'username', '2015-08-04 17:17:32', 0, 'AHMJXUAM001', 'AHMJXUAM001', 'Maintain User', 'AHMJXUAM001', '1', 'T', 'glyphicon glyphicon-list-alt', NULL),
('5', NULL, NULL, NULL, NULL, 0, 'AHMDSH1C003', 'AHMDSH1C003', 'Receive Unit', 'AHMDSH1C003', '2', 'T', 'glyphicon glyphicon-list-alt', NULL),
('6', NULL, NULL, 'USERNAME', '2015-12-08 16:55:05', 2, 'AHMJXUAM004', 'AHMJXUAM004', 'Maintain Menux', 'AHMJXUAM004', '1', 'T', 'glyphicon glyphicon-credit-card', NULL),
('7', NULL, NULL, 'username', '2015-08-28 15:55:49', 7, NULL, 'R1_1_1', 'Menu R1LV1 1', NULL, '4', 'T', 'glyphicon glyphicon-list-alt', NULL),
('74137ad2-504b-40d9-a08d-8cd12f483a19', 'username', '2015-09-28 14:00:12', 'username', '2015-09-28 14:00:12', 0, 'AHMDSH1C016', 'AHMDSH1C016', 'Laporan Total Penjualan', 'AHMDSH1C016', '2', 'T', 'glyphicon glyphicon-list-alt', NULL),
('7f870582-28b3-4c94-a780-24a500dc1c17', 'username', '2015-08-20 09:14:43', 'username', '2015-08-20 09:14:43', 0, 'AHMJXUAM006', 'AHMJXUAM006', 'Maintain Role Access', 'AHMJXUAM006', '1', 'T', 'glyphicon glyphicon-list-alt', NULL),
('8', NULL, NULL, 'username', '2015-11-20 18:34:21', 8, 'AHMDSH1C031', 'AHMDSH1C031', 'Hari Kerja Dealer', 'AHMDSH1C031', '99', 'T', 'glyphicon glyphicon-list-alt', NULL),
('9', NULL, NULL, 'username', '2015-11-20 18:32:46', 8, 'AHMDSH1C006', 'AHMDSH1C006', 'Maintain Gudang', 'AHMDSH1C006', '99', 'T', 'glyphicon glyphicon-list-alt', NULL),
('99', NULL, NULL, NULL, NULL, 0, NULL, 'MasterData', 'Master Data', NULL, NULL, 'T', 'glyphicon glyphicon-list-alt', NULL),
('ac836ff9-b079-4fe1-9fe9-51988c21246c', 'username', '2015-08-05 08:06:13', 'username', '2015-08-05 08:06:13', 0, 'AHMJXUAM002', 'AHMJXUAM002', 'Maintain Roles', 'AHMJXUAM002', '1', 'T', 'glyphicon glyphicon-list-alt', NULL),
('b1b900b8-6fed-4f39-918a-879e1a653c70', NULL, NULL, 'username', '2015-10-28 16:18:10', 2, 'AHMDSH1C013', 'AHMDSH1C013', 'Cetak Kwitansi', 'AHMDSH1C013', '2', 'T', 'glyphicon glyphicon-list-alt', NULL),
('c94d8f09-7e44-43a9-8faa-1fdf9b19b12b', 'username', '2015-08-05 08:51:09', 'username', '2015-08-05 08:51:09', 0, 'AHMDSTES22', 'AHMDSTES22', 'Testing AHMDS', 'AHMDSTES22', '11', 'T', 'glyphicon glyphicon-list-alt', NULL),
('e8718697-f45a-4f46-8b98-626f0d5ec482', 'username', '2015-08-05 08:48:45', 'username', '2015-08-05 08:48:45', 0, 'AHMDSTES', 'AHMDSTES', 'Testing AHMDS', 'AHMDSTES', '11', 'T', 'glyphicon glyphicon-list-alt', NULL),
('f4c58b01-4d73-4774-ba9c-c28e1ba75278', 'username', '2015-09-15 13:25:48', 'username', '2015-09-15 13:25:48', 0, 'AHMDSH1C005', 'AHMDSH1C005', 'STNK & CDB', 'AHMDSH1C005', '2', 'T', 'glyphicon glyphicon-list-alt', NULL);

-- --------------------------------------------------------

--
-- Table structure for table `ahmjxuam_mstmenus_aud`
--

CREATE TABLE IF NOT EXISTS `ahmjxuam_mstmenus_aud` (
  `VID` varchar(64) NOT NULL,
  `REV` int(11) NOT NULL,
  `REVTYPE` tinyint(4) DEFAULT NULL,
  `VCREABY` varchar(255) DEFAULT NULL,
  `DCREA` datetime DEFAULT NULL,
  `VMODIBY` varchar(255) DEFAULT NULL,
  `DMODI` datetime DEFAULT NULL,
  `IORDER` int(11) DEFAULT NULL,
  `VAPPLICATION_ID` varchar(16) DEFAULT NULL,
  `VICON` varchar(128) DEFAULT NULL,
  `VMENU_ID` varchar(16) DEFAULT NULL,
  `VPARENT` varchar(64) DEFAULT NULL,
  `VSTAT` varchar(1) DEFAULT NULL,
  `VTITLE` varchar(36) DEFAULT NULL,
  `VURL` varchar(128) DEFAULT NULL,
  PRIMARY KEY (`VID`,`REV`),
  KEY `FK_d4mvln11ccp1vdstdukssq6yf` (`REV`)
) ENGINE=InnoDB DEFAULT CHARSET=latin1;

-- --------------------------------------------------------

--
-- Table structure for table `ahmjxuam_mstpartner`
--

CREATE TABLE IF NOT EXISTS `ahmjxuam_mstpartner` (
  `VID` varchar(64) NOT NULL,
  `VCREABY` varchar(255) DEFAULT NULL,
  `DCREA` datetime DEFAULT NULL,
  `VMODIBY` varchar(255) DEFAULT NULL,
  `DMODI` datetime DEFAULT NULL,
  `IVER` int(11) NOT NULL,
  `BCERT` longblob NOT NULL,
  `DBEGINEFF` datetime NOT NULL,
  `DENDEFF` datetime NOT NULL,
  `NLEVEL` int(11) NOT NULL,
  `NPIT` int(11) DEFAULT NULL,
  `VADDRESS` varchar(100) NOT NULL,
  `VCITY` varchar(45) NOT NULL,
  `VDEALERCODE` varchar(6) NOT NULL,
  `VMDCODE` varchar(6) NOT NULL,
  `VMDDLRCODE` varchar(6) DEFAULT NULL,
  `VNAME` varchar(35) DEFAULT NULL,
  `VOWNER` varchar(30) NOT NULL,
  `VPHONENUM` varchar(50) NOT NULL,
  PRIMARY KEY (`VID`),
  UNIQUE KEY `UK_53v0q4j54ucfn967cxlkldulg` (`VDEALERCODE`)
) ENGINE=InnoDB DEFAULT CHARSET=latin1;

--
-- Dumping data for table `ahmjxuam_mstpartner`
--

INSERT INTO `ahmjxuam_mstpartner` (`VID`, `VCREABY`, `DCREA`, `VMODIBY`, `DMODI`, `IVER`, `BCERT`, `DBEGINEFF`, `DENDEFF`, `NLEVEL`, `NPIT`, `VADDRESS`, `VCITY`, `VDEALERCODE`, `VMDCODE`, `VMDDLRCODE`, `VNAME`, `VOWNER`, `VPHONENUM`) VALUES
('1', NULL, NULL, NULL, NULL, 0, 0x33, '2010-02-12 00:00:00', '2020-11-21 00:00:00', 4, 1, 'ADDRESS', 'CITY', '1233', 'J10', '1233', 'Dealer Name - 1233', 'OWNER - 1233', '0812331233'),
('2', NULL, NULL, NULL, NULL, 0, 0x415344, '2011-03-13 00:00:00', '2021-12-31 00:00:00', 5, 2, 'ADDRESS', 'CITY', '1234', 'B10', '1234', 'Dealer Name - 1234', 'OWNER - 1234', '0812341234'),
('e3e41b91-c095-4e40-a53c-281b99a29685', 'USERNAME', '2015-10-06 09:14:21', 'USERNAME', '2015-10-12 08:07:39', 16, 0x63fb6ca724c2038cf6f5324ec553a65c73dac04826f5e020575f20923be62ee0ecc169ffa13771181ce04072196b84675f7f5a9f7edb313ced3ee7ad4324f195, '2012-10-01 00:00:00', '2017-08-20 00:00:00', 7, 8, 'JL. KEDOYA RAYA NO 3  KOTA JAKARTA UTARA ', 'JAKARTA ', '00104', 'J10', NULL, 'PT Mitradeka Mandiri', 'Hugeng Kurniawan', '022-543212'),
('e9c7ad71-9d9b-475e-b2a3-0ef4e5dc1b50', 'USERNAME', '2015-10-06 15:24:05', 'USERNAME', '2015-10-07 08:36:38', 4, 0x2977d2e31509cb7230fec80f80243c0f38a01af05ac33d2da5b6b510df515a9ab8ac4dc82a9734262da18be28ba9e3562eff874a8c4997e3feb83a5dfc4f2aa4, '2010-03-12 00:00:00', '2016-08-20 00:00:00', 7, NULL, 'Jl.KS Tubun 45  Jakarta Pusat', 'Jakarta', '00330', 'I3Z', NULL, 'Atlanticx', 'Budianto Gunadi', '021-53670952');

-- --------------------------------------------------------

--
-- Table structure for table `ahmjxuam_mstpartner_aud`
--

CREATE TABLE IF NOT EXISTS `ahmjxuam_mstpartner_aud` (
  `VID` varchar(64) NOT NULL,
  `REV` int(11) NOT NULL,
  `REVTYPE` tinyint(4) DEFAULT NULL,
  `VCREABY` varchar(255) DEFAULT NULL,
  `DCREA` datetime DEFAULT NULL,
  `VMODIBY` varchar(255) DEFAULT NULL,
  `DMODI` datetime DEFAULT NULL,
  `BCERT` longblob,
  `DBEGINEFF` datetime DEFAULT NULL,
  `DENDEFF` datetime DEFAULT NULL,
  `NLEVEL` int(11) DEFAULT NULL,
  `NPIT` int(11) DEFAULT NULL,
  `VADDRESS` varchar(100) DEFAULT NULL,
  `VCITY` varchar(45) DEFAULT NULL,
  `VDEALERCODE` varchar(6) DEFAULT NULL,
  `VMDCODE` varchar(6) DEFAULT NULL,
  `VMDDLRCODE` varchar(6) DEFAULT NULL,
  `VNAME` varchar(35) DEFAULT NULL,
  `VOWNER` varchar(30) DEFAULT NULL,
  `VPHONENUM` varchar(50) DEFAULT NULL,
  PRIMARY KEY (`VID`,`REV`),
  KEY `FK_a300mkoyf3vo7foaghr5goptv` (`REV`)
) ENGINE=InnoDB DEFAULT CHARSET=latin1;

-- --------------------------------------------------------

--
-- Table structure for table `ahmjxuam_mstroles`
--

CREATE TABLE IF NOT EXISTS `ahmjxuam_mstroles` (
  `VID` varchar(64) NOT NULL,
  `VCREABY` varchar(255) DEFAULT NULL,
  `DCREA` datetime DEFAULT NULL,
  `VMODIBY` varchar(255) DEFAULT NULL,
  `DMODI` datetime DEFAULT NULL,
  `IVER` int(11) NOT NULL,
  `VROLES_DESC` varchar(255) DEFAULT NULL,
  `VROLES_ID` varchar(20) NOT NULL,
  `VROLES_NAME` varchar(30) DEFAULT NULL,
  `VROLES_STATUS` varchar(1) DEFAULT NULL,
  PRIMARY KEY (`VID`),
  UNIQUE KEY `UK_lsepjtkcfi8yl69l7njvijpph` (`VROLES_ID`)
) ENGINE=InnoDB DEFAULT CHARSET=latin1;

--
-- Dumping data for table `ahmjxuam_mstroles`
--

INSERT INTO `ahmjxuam_mstroles` (`VID`, `VCREABY`, `DCREA`, `VMODIBY`, `DMODI`, `IVER`, `VROLES_DESC`, `VROLES_ID`, `VROLES_NAME`, `VROLES_STATUS`) VALUES
('0960e592-1bd9-41ab-91b2-1e0a06febe42', NULL, NULL, 'username', '2015-10-16 14:40:02', 10, 'Role Admin untuk testing', 'RO_TEST1', 'Admin Testing1', 'T'),
('1', NULL, NULL, NULL, NULL, 0, 'ROLE_DESC', 'ROLE_ID', 'ROLE_NAME', 'T'),
('2', NULL, NULL, NULL, NULL, 0, 'ROLE_DESC2', 'ROLE_ID2', 'ROLE_NAME2', 'T'),
('23b7894e-2657-4d09-aab8-98289c7e07f8', 'username', '2015-10-16 09:23:20', 'username', '2015-10-16 09:23:20', 0, 'User saja', 'role_tes1', 'Admin Testing4', 'T'),
('6deceefa-c36e-4610-a1c2-27df41843946', NULL, NULL, 'username', '2015-08-26 08:12:08', 6, 'User saja', 'RO_User', 'User', 'T'),
('ad9d918a-da50-4c65-bb05-c76536b50e36', NULL, NULL, 'username', '2015-10-16 08:50:13', 7, 'Administrator menu aplikasi', 'RO_Admin', 'Adminx', 'T');

-- --------------------------------------------------------

--
-- Table structure for table `ahmjxuam_mstroles_aud`
--

CREATE TABLE IF NOT EXISTS `ahmjxuam_mstroles_aud` (
  `VID` varchar(64) NOT NULL,
  `REV` int(11) NOT NULL,
  `REVTYPE` tinyint(4) DEFAULT NULL,
  `VCREABY` varchar(255) DEFAULT NULL,
  `DCREA` datetime DEFAULT NULL,
  `VMODIBY` varchar(255) DEFAULT NULL,
  `DMODI` datetime DEFAULT NULL,
  `VROLES_DESC` varchar(255) DEFAULT NULL,
  `VROLES_ID` varchar(20) DEFAULT NULL,
  `VROLES_NAME` varchar(30) DEFAULT NULL,
  `VROLES_STATUS` varchar(1) DEFAULT NULL,
  PRIMARY KEY (`VID`,`REV`),
  KEY `FK_fi04856gn6y1qqkx4whc5esl8` (`REV`)
) ENGINE=InnoDB DEFAULT CHARSET=latin1;

-- --------------------------------------------------------

--
-- Table structure for table `ahmjxuam_mstservices`
--

CREATE TABLE IF NOT EXISTS `ahmjxuam_mstservices` (
  `VID` varchar(64) NOT NULL,
  `VCREABY` varchar(255) DEFAULT NULL,
  `DCREA` datetime DEFAULT NULL,
  `VMODIBY` varchar(255) DEFAULT NULL,
  `DMODI` datetime DEFAULT NULL,
  `IVER` int(11) NOT NULL,
  `VID_AHMJXUAM_MSTAPPS` varchar(255) DEFAULT NULL,
  `VSTAT` varchar(1) DEFAULT NULL,
  `VSVCDESC` varchar(255) DEFAULT NULL,
  `VSVCNAME` varchar(255) DEFAULT NULL,
  `VURL` varchar(255) DEFAULT NULL,
  PRIMARY KEY (`VID`),
  KEY `FK_ha6f9q8axbxlw0a6qfwkmirmi` (`VID_AHMJXUAM_MSTAPPS`)
) ENGINE=InnoDB DEFAULT CHARSET=latin1;

-- --------------------------------------------------------

--
-- Table structure for table `ahmjxuam_mstservices_aud`
--

CREATE TABLE IF NOT EXISTS `ahmjxuam_mstservices_aud` (
  `VID` varchar(64) NOT NULL,
  `REV` int(11) NOT NULL,
  `REVTYPE` tinyint(4) DEFAULT NULL,
  `VCREABY` varchar(255) DEFAULT NULL,
  `DCREA` datetime DEFAULT NULL,
  `VMODIBY` varchar(255) DEFAULT NULL,
  `DMODI` datetime DEFAULT NULL,
  `VID_AHMJXUAM_MSTAPPS` varchar(255) DEFAULT NULL,
  `VSTAT` varchar(1) DEFAULT NULL,
  `VSVCDESC` varchar(255) DEFAULT NULL,
  `VSVCNAME` varchar(255) DEFAULT NULL,
  `VURL` varchar(255) DEFAULT NULL,
  PRIMARY KEY (`VID`,`REV`),
  KEY `FK_7gceg5fh9vlcaew6jokaqdw5j` (`REV`)
) ENGINE=InnoDB DEFAULT CHARSET=latin1;

-- --------------------------------------------------------

--
-- Table structure for table `ahmjxuam_mstusers`
--

CREATE TABLE IF NOT EXISTS `ahmjxuam_mstusers` (
  `VID` varchar(64) NOT NULL,
  `VCREABY` varchar(255) DEFAULT NULL,
  `DCREA` datetime DEFAULT NULL,
  `VMODIBY` varchar(255) DEFAULT NULL,
  `DMODI` datetime DEFAULT NULL,
  `IVER` int(11) NOT NULL,
  `VPASSWORD` varchar(255) DEFAULT NULL,
  `VTOKEN` varchar(255) DEFAULT NULL,
  `VUSERNAME` varchar(30) NOT NULL,
  `DTOKENEXP` datetime DEFAULT NULL,
  `VIPADDRESS` varchar(20) DEFAULT NULL,
  `VID_AHMJXUAM_MSTPARTNER` varchar(255) DEFAULT NULL,
  `VSTAT` varchar(1) DEFAULT NULL,
  PRIMARY KEY (`VID`),
  UNIQUE KEY `UK_1u9slj5qnoc6eq0l2ch41nx5k` (`VUSERNAME`),
  KEY `FK_1eppq4dfy1nnr4qxtbyny6xfn` (`VID_AHMJXUAM_MSTPARTNER`)
) ENGINE=InnoDB DEFAULT CHARSET=latin1;

--
-- Dumping data for table `ahmjxuam_mstusers`
--

INSERT INTO `ahmjxuam_mstusers` (`VID`, `VCREABY`, `DCREA`, `VMODIBY`, `DMODI`, `IVER`, `VPASSWORD`, `VTOKEN`, `VUSERNAME`, `DTOKENEXP`, `VIPADDRESS`, `VID_AHMJXUAM_MSTPARTNER`, `VSTAT`) VALUES
('03ecae11-5e05-4d70-af26-1899a1c06a82', NULL, NULL, 'USERNAME', '2015-11-19 12:26:14', 2, NULL, NULL, 'superadmin1', NULL, NULL, NULL, 'T'),
('1', 'username', '2015-11-16 14:29:34', 'username', '2015-11-16 14:29:34', 125, '21232f297a57a5a743894a0e4a801fc3', 'cd150ce5-85d3-445d-b058-18c1c949b79a', 'USERNAME', NULL, '127.0.0.1', 'e3e41b91-c095-4e40-a53c-281b99a29685', 'T'),
('5159ff80-7eb4-4ce8-8bee-9f7d8d3ac7c5', 'username', '2015-10-19 08:57:33', 'username', '2015-10-19 08:57:33', 0, '5927205243f12cdc70612cba6dc874fa', NULL, '00104.tes123', NULL, NULL, 'e3e41b91-c095-4e40-a53c-281b99a29685', 'T'),
('84b79e04-4c80-4868-96a5-328b44fe570b', NULL, NULL, 'username', '2015-10-16 15:38:26', 14, '5927205243f12cdc70612cba6dc874fa', NULL, 'donghae', NULL, NULL, NULL, 'T'),
('8548c5ba-07b9-48d7-af9a-ec2c0faf03f8', 'username', '2015-10-16 14:34:41', 'admin', '2016-03-14 11:11:59', 96, '0192023a7bbd73250516f069df18b500', '2af794bb-b0c8-4395-a35d-6cb362cdf7ef', 'admin', '2016-03-14 11:11:59', '0:0:0:0:0:0:0:1', 'e3e41b91-c095-4e40-a53c-281b99a29685', 'F');

-- --------------------------------------------------------

--
-- Table structure for table `ahmjxuam_mstusers_aud`
--

CREATE TABLE IF NOT EXISTS `ahmjxuam_mstusers_aud` (
  `VID` varchar(64) NOT NULL,
  `REV` int(11) NOT NULL,
  `REVTYPE` tinyint(4) DEFAULT NULL,
  `VCREABY` varchar(255) DEFAULT NULL,
  `DCREA` datetime DEFAULT NULL,
  `VMODIBY` varchar(255) DEFAULT NULL,
  `DMODI` datetime DEFAULT NULL,
  `DTOKENEXP` datetime DEFAULT NULL,
  `VID_AHMJXUAM_MSTPARTNER` varchar(255) DEFAULT NULL,
  `VIPADDRESS` varchar(20) DEFAULT NULL,
  `VPASSWORD` varchar(255) DEFAULT NULL,
  `VSTAT` varchar(1) DEFAULT NULL,
  `VTOKEN` varchar(255) DEFAULT NULL,
  `VUSERNAME` varchar(30) DEFAULT NULL,
  PRIMARY KEY (`VID`,`REV`),
  KEY `FK_5rme91lmucy69956ky8dttprn` (`REV`)
) ENGINE=InnoDB DEFAULT CHARSET=latin1;

--
-- Dumping data for table `ahmjxuam_mstusers_aud`
--

INSERT INTO `ahmjxuam_mstusers_aud` (`VID`, `REV`, `REVTYPE`, `VCREABY`, `DCREA`, `VMODIBY`, `DMODI`, `DTOKENEXP`, `VID_AHMJXUAM_MSTPARTNER`, `VIPADDRESS`, `VPASSWORD`, `VSTAT`, `VTOKEN`, `VUSERNAME`) VALUES
('8548c5ba-07b9-48d7-af9a-ec2c0faf03f8', 1, 1, 'username', '2015-10-16 14:34:41', 'admin', '2016-03-11 21:00:31', '2016-03-11 21:00:31', 'e3e41b91-c095-4e40-a53c-281b99a29685', '0:0:0:0:0:0:0:1', '0192023a7bbd73250516f069df18b500', 'F', '1cac275e-6a40-456d-8bb9-e8d464f393d6', 'admin'),
('8548c5ba-07b9-48d7-af9a-ec2c0faf03f8', 2, 1, 'username', '2015-10-16 14:34:41', 'admin', '2016-03-11 21:00:31', '2016-03-11 21:00:31', 'e3e41b91-c095-4e40-a53c-281b99a29685', '0:0:0:0:0:0:0:1', '0192023a7bbd73250516f069df18b500', 'F', '23718d35-2e9e-4efc-855e-9103dd59fda1', 'admin'),
('8548c5ba-07b9-48d7-af9a-ec2c0faf03f8', 3, 1, 'username', '2015-10-16 14:34:41', 'admin', '2016-03-11 21:01:14', '2016-03-11 21:01:14', 'e3e41b91-c095-4e40-a53c-281b99a29685', '0:0:0:0:0:0:0:1', '0192023a7bbd73250516f069df18b500', 'F', '809f737f-f8b1-4f95-a714-b1d1dc4821bf', 'admin'),
('8548c5ba-07b9-48d7-af9a-ec2c0faf03f8', 4, 1, 'username', '2015-10-16 14:34:41', 'admin', '2016-03-11 21:01:14', '2016-03-11 21:01:14', 'e3e41b91-c095-4e40-a53c-281b99a29685', '0:0:0:0:0:0:0:1', '0192023a7bbd73250516f069df18b500', 'F', '0d103264-c81f-436f-84f5-445cf4c05cd4', 'admin'),
('8548c5ba-07b9-48d7-af9a-ec2c0faf03f8', 5, 1, 'username', '2015-10-16 14:34:41', 'admin', '2016-03-11 21:15:58', '2016-03-11 21:15:58', 'e3e41b91-c095-4e40-a53c-281b99a29685', '0:0:0:0:0:0:0:1', '0192023a7bbd73250516f069df18b500', 'F', '21343a9a-36cc-4350-af8a-38124304e51a', 'admin'),
('8548c5ba-07b9-48d7-af9a-ec2c0faf03f8', 6, 1, 'username', '2015-10-16 14:34:41', 'admin', '2016-03-11 21:15:58', '2016-03-11 21:15:58', 'e3e41b91-c095-4e40-a53c-281b99a29685', '0:0:0:0:0:0:0:1', '0192023a7bbd73250516f069df18b500', 'F', 'a2bbb2da-ae4a-49c5-9be2-2fc5f69234a9', 'admin'),
('8548c5ba-07b9-48d7-af9a-ec2c0faf03f8', 7, 1, 'username', '2015-10-16 14:34:41', 'admin', '2016-03-11 21:17:32', '2016-03-11 21:17:32', 'e3e41b91-c095-4e40-a53c-281b99a29685', '0:0:0:0:0:0:0:1', '0192023a7bbd73250516f069df18b500', 'F', '6196ea1c-5e76-4fd6-ad5f-8091448aa645', 'admin'),
('8548c5ba-07b9-48d7-af9a-ec2c0faf03f8', 8, 1, 'username', '2015-10-16 14:34:41', 'admin', '2016-03-11 21:17:32', '2016-03-11 21:17:32', 'e3e41b91-c095-4e40-a53c-281b99a29685', '0:0:0:0:0:0:0:1', '0192023a7bbd73250516f069df18b500', 'F', 'd41c79c8-04a3-4f1f-9586-b7147601dd42', 'admin'),
('8548c5ba-07b9-48d7-af9a-ec2c0faf03f8', 9, 1, 'username', '2015-10-16 14:34:41', 'admin', '2016-03-12 14:14:54', '2016-03-12 14:14:54', 'e3e41b91-c095-4e40-a53c-281b99a29685', '0:0:0:0:0:0:0:1', '0192023a7bbd73250516f069df18b500', 'F', '93e15a24-e046-4471-a015-85159f0d1d8f', 'admin'),
('8548c5ba-07b9-48d7-af9a-ec2c0faf03f8', 10, 1, 'username', '2015-10-16 14:34:41', 'admin', '2016-03-12 14:16:34', '2016-03-12 14:16:34', 'e3e41b91-c095-4e40-a53c-281b99a29685', '0:0:0:0:0:0:0:1', '0192023a7bbd73250516f069df18b500', 'F', 'ea214ef5-59f5-41e2-a57a-06b468b6fc04', 'admin'),
('8548c5ba-07b9-48d7-af9a-ec2c0faf03f8', 11, 1, 'username', '2015-10-16 14:34:41', 'admin', '2016-03-12 14:16:34', '2016-03-12 14:16:34', 'e3e41b91-c095-4e40-a53c-281b99a29685', '0:0:0:0:0:0:0:1', '0192023a7bbd73250516f069df18b500', 'F', '81dbd76c-223e-43de-b724-09a5198867e1', 'admin'),
('8548c5ba-07b9-48d7-af9a-ec2c0faf03f8', 12, 1, 'username', '2015-10-16 14:34:41', 'admin', '2016-03-13 21:37:29', '2016-03-13 21:37:29', 'e3e41b91-c095-4e40-a53c-281b99a29685', '0:0:0:0:0:0:0:1', '0192023a7bbd73250516f069df18b500', 'F', 'a0d4271d-fb6a-4d0d-98f8-126960ebf8a6', 'admin'),
('8548c5ba-07b9-48d7-af9a-ec2c0faf03f8', 13, 1, 'username', '2015-10-16 14:34:41', 'admin', '2016-03-13 21:37:30', '2016-03-13 21:37:30', 'e3e41b91-c095-4e40-a53c-281b99a29685', '0:0:0:0:0:0:0:1', '0192023a7bbd73250516f069df18b500', 'F', '1eb15bcd-3dc1-4e59-91c2-e406d5aa96da', 'admin'),
('8548c5ba-07b9-48d7-af9a-ec2c0faf03f8', 14, 1, 'username', '2015-10-16 14:34:41', 'admin', '2016-03-14 11:11:58', '2016-03-14 11:11:58', 'e3e41b91-c095-4e40-a53c-281b99a29685', '0:0:0:0:0:0:0:1', '0192023a7bbd73250516f069df18b500', 'F', '81c9275c-a9a7-4b02-b12d-afa9f8f033bd', 'admin'),
('8548c5ba-07b9-48d7-af9a-ec2c0faf03f8', 15, 1, 'username', '2015-10-16 14:34:41', 'admin', '2016-03-14 11:11:59', '2016-03-14 11:11:59', 'e3e41b91-c095-4e40-a53c-281b99a29685', '0:0:0:0:0:0:0:1', '0192023a7bbd73250516f069df18b500', 'F', '2af794bb-b0c8-4395-a35d-6cb362cdf7ef', 'admin');

-- --------------------------------------------------------

--
-- Table structure for table `ahmjxuam_mstusrrols`
--

CREATE TABLE IF NOT EXISTS `ahmjxuam_mstusrrols` (
  `VID` varchar(64) NOT NULL,
  `VCREABY` varchar(255) DEFAULT NULL,
  `DCREA` datetime DEFAULT NULL,
  `VMODIBY` varchar(255) DEFAULT NULL,
  `DMODI` datetime DEFAULT NULL,
  `IVER` int(11) NOT NULL,
  `VID_AHMJXUAM_MSTROLES` varchar(64) NOT NULL,
  `VID_AHMJXUAM_MSTUSERS` varchar(64) NOT NULL,
  `VSTATUS` varchar(1) NOT NULL,
  PRIMARY KEY (`VID`),
  UNIQUE KEY `UK_hwyvo34645hssim4ochv3jj1x` (`VID_AHMJXUAM_MSTUSERS`,`VID_AHMJXUAM_MSTROLES`),
  KEY `FK_beo6be10415cokjaelo7y925x` (`VID_AHMJXUAM_MSTROLES`),
  KEY `FK_gmqe61u5d79vw7teeiy6a10i1` (`VID_AHMJXUAM_MSTUSERS`)
) ENGINE=InnoDB DEFAULT CHARSET=latin1;

--
-- Dumping data for table `ahmjxuam_mstusrrols`
--

INSERT INTO `ahmjxuam_mstusrrols` (`VID`, `VCREABY`, `DCREA`, `VMODIBY`, `DMODI`, `IVER`, `VID_AHMJXUAM_MSTROLES`, `VID_AHMJXUAM_MSTUSERS`, `VSTATUS`) VALUES
('1', NULL, NULL, NULL, NULL, 0, '1', '1', ''),
('3', NULL, NULL, NULL, NULL, 0, '2', '1', ''),
('30eb3639-b85d-406f-8191-0cfe3a6bc0ed', 'username', '2015-10-16 14:37:59', 'username', '2015-10-16 14:37:59', 0, 'ad9d918a-da50-4c65-bb05-c76536b50e36', '8548c5ba-07b9-48d7-af9a-ec2c0faf03f8', 'T');

-- --------------------------------------------------------

--
-- Table structure for table `ahmjxuam_mstusrrols_aud`
--

CREATE TABLE IF NOT EXISTS `ahmjxuam_mstusrrols_aud` (
  `VID` varchar(64) NOT NULL,
  `REV` int(11) NOT NULL,
  `REVTYPE` tinyint(4) DEFAULT NULL,
  `VCREABY` varchar(255) DEFAULT NULL,
  `DCREA` datetime DEFAULT NULL,
  `VMODIBY` varchar(255) DEFAULT NULL,
  `DMODI` datetime DEFAULT NULL,
  `VID_AHMJXUAM_MSTROLES` varchar(64) DEFAULT NULL,
  `VID_AHMJXUAM_MSTUSERS` varchar(64) DEFAULT NULL,
  `VSTATUS` varchar(1) DEFAULT NULL,
  PRIMARY KEY (`VID`,`REV`),
  KEY `FK_4uwkctkijc9d6kj690srtuhow` (`REV`)
) ENGINE=InnoDB DEFAULT CHARSET=latin1;

-- --------------------------------------------------------

--
-- Table structure for table `ahmjxuam_txnbookmark`
--

CREATE TABLE IF NOT EXISTS `ahmjxuam_txnbookmark` (
  `VID` varchar(64) NOT NULL,
  `VCREABY` varchar(255) DEFAULT NULL,
  `DCREA` datetime DEFAULT NULL,
  `VMODIBY` varchar(255) DEFAULT NULL,
  `DMODI` datetime DEFAULT NULL,
  `IVER` int(11) NOT NULL,
  `VID_AHMJXUAM_MSTMENUS` varchar(64) NOT NULL,
  `VID_AHMJXUAM_MSTUSERS` varchar(64) NOT NULL,
  PRIMARY KEY (`VID`),
  UNIQUE KEY `UK_crb4wn89299kesc9ib7cpp9jn` (`VID_AHMJXUAM_MSTUSERS`,`VID_AHMJXUAM_MSTMENUS`),
  KEY `FK_7ph56fn6uckfh6srv7eihhrq7` (`VID_AHMJXUAM_MSTMENUS`),
  KEY `FK_h1ki87p6vn76l1sbokxi1orlj` (`VID_AHMJXUAM_MSTUSERS`)
) ENGINE=InnoDB DEFAULT CHARSET=latin1;

-- --------------------------------------------------------

--
-- Table structure for table `revinfo`
--

CREATE TABLE IF NOT EXISTS `revinfo` (
  `id` int(11) NOT NULL AUTO_INCREMENT,
  `timestamp` bigint(20) NOT NULL,
  `username` varchar(255) DEFAULT NULL,
  PRIMARY KEY (`id`)
) ENGINE=InnoDB  DEFAULT CHARSET=latin1 AUTO_INCREMENT=16 ;

--
-- Dumping data for table `revinfo`
--

INSERT INTO `revinfo` (`id`, `timestamp`, `username`) VALUES
(1, 1457704831281, 'System'),
(2, 1457704831475, 'System'),
(3, 1457704873581, 'System'),
(4, 1457704873696, 'System'),
(5, 1457705758045, 'System'),
(6, 1457705758308, 'System'),
(7, 1457705852005, 'System'),
(8, 1457705852125, 'System'),
(9, 1457766894043, 'System'),
(10, 1457766994001, 'System'),
(11, 1457766994249, 'System'),
(12, 1457879849487, 'System'),
(13, 1457879850473, 'System'),
(14, 1457928717786, 'System'),
(15, 1457928719450, 'System');

--
-- Constraints for dumped tables
--

--
-- Constraints for table `ahmdsbsc_dtlsetting`
--
ALTER TABLE `ahmdsbsc_dtlsetting`
  ADD CONSTRAINT `FK_3jldw575sql7ul7uwjpi2imhy` FOREIGN KEY (`VID_AHMDSBSC_HDRSETTING`) REFERENCES `ahmdsbsc_hdrsetting` (`VID`);

--
-- Constraints for table `ahmdsbsc_txnappcount`
--
ALTER TABLE `ahmdsbsc_txnappcount`
  ADD CONSTRAINT `FK_ia8y2uoru6qsnlix0nujgcjbc` FOREIGN KEY (`VID_AHMJXUAM_MSTMENUS`) REFERENCES `ahmjxuam_mstmenus` (`VID`);

--
-- Constraints for table `ahmjxuammstmenus_ahmjxuammstmenus_aud`
--
ALTER TABLE `ahmjxuammstmenus_ahmjxuammstmenus_aud`
  ADD CONSTRAINT `FK_h257l97mv936y7aj8synkr73x` FOREIGN KEY (`REV`) REFERENCES `revinfo` (`id`);

--
-- Constraints for table `ahmjxuam_dtlrlaccess`
--
ALTER TABLE `ahmjxuam_dtlrlaccess`
  ADD CONSTRAINT `FK_el27b8uk17vm4g5mdwsivsly3` FOREIGN KEY (`VID_AHMJXUAM_HDRRLACCESS`) REFERENCES `ahmjxuam_hdrrlaccess` (`VID`);

--
-- Constraints for table `ahmjxuam_dtlrlaccess_aud`
--
ALTER TABLE `ahmjxuam_dtlrlaccess_aud`
  ADD CONSTRAINT `FK_n0v7xdkhmdpu0b0avmw46axle` FOREIGN KEY (`REV`) REFERENCES `revinfo` (`id`);

--
-- Constraints for table `ahmjxuam_hdrrlaccess`
--
ALTER TABLE `ahmjxuam_hdrrlaccess`
  ADD CONSTRAINT `FK_7rhm0gv5h3ggss7hada79jtll` FOREIGN KEY (`VID_AHMJXUAM_MSTROLES`) REFERENCES `ahmjxuam_mstroles` (`VID`),
  ADD CONSTRAINT `FK_2let0pjj07qj3k16vartsnmg6` FOREIGN KEY (`VID_AHMJXUAM_MSTMENUS`) REFERENCES `ahmjxuam_mstmenus` (`VID`);

--
-- Constraints for table `ahmjxuam_hdrrlaccess_aud`
--
ALTER TABLE `ahmjxuam_hdrrlaccess_aud`
  ADD CONSTRAINT `FK_71syoiv2hudaj40xd57mlxbo0` FOREIGN KEY (`REV`) REFERENCES `revinfo` (`id`);

--
-- Constraints for table `ahmjxuam_hstappusgs_aud`
--
ALTER TABLE `ahmjxuam_hstappusgs_aud`
  ADD CONSTRAINT `FK_9ewkrkagdhvhul28nnlrcc5jm` FOREIGN KEY (`REV`) REFERENCES `revinfo` (`id`);

--
-- Constraints for table `ahmjxuam_hstsvcusgs_aud`
--
ALTER TABLE `ahmjxuam_hstsvcusgs_aud`
  ADD CONSTRAINT `FK_9j6fpbjmiqoewarp7dtdmq16k` FOREIGN KEY (`REV`) REFERENCES `revinfo` (`id`);

--
-- Constraints for table `ahmjxuam_mstapps_aud`
--
ALTER TABLE `ahmjxuam_mstapps_aud`
  ADD CONSTRAINT `FK_2dp9ae822td2iyik06m5sni76` FOREIGN KEY (`REV`) REFERENCES `revinfo` (`id`);

--
-- Constraints for table `ahmjxuam_mstmenus`
--
ALTER TABLE `ahmjxuam_mstmenus`
  ADD CONSTRAINT `FK_5xfenulbuai2uon99nc8pc3lh` FOREIGN KEY (`VPARENT`) REFERENCES `ahmjxuam_mstmenus` (`VID`);

--
-- Constraints for table `ahmjxuam_mstmenus_aud`
--
ALTER TABLE `ahmjxuam_mstmenus_aud`
  ADD CONSTRAINT `FK_d4mvln11ccp1vdstdukssq6yf` FOREIGN KEY (`REV`) REFERENCES `revinfo` (`id`);

--
-- Constraints for table `ahmjxuam_mstpartner_aud`
--
ALTER TABLE `ahmjxuam_mstpartner_aud`
  ADD CONSTRAINT `FK_a300mkoyf3vo7foaghr5goptv` FOREIGN KEY (`REV`) REFERENCES `revinfo` (`id`);

--
-- Constraints for table `ahmjxuam_mstroles_aud`
--
ALTER TABLE `ahmjxuam_mstroles_aud`
  ADD CONSTRAINT `FK_fi04856gn6y1qqkx4whc5esl8` FOREIGN KEY (`REV`) REFERENCES `revinfo` (`id`);

--
-- Constraints for table `ahmjxuam_mstservices`
--
ALTER TABLE `ahmjxuam_mstservices`
  ADD CONSTRAINT `FK_ha6f9q8axbxlw0a6qfwkmirmi` FOREIGN KEY (`VID_AHMJXUAM_MSTAPPS`) REFERENCES `ahmjxuam_mstapps` (`VID`);

--
-- Constraints for table `ahmjxuam_mstservices_aud`
--
ALTER TABLE `ahmjxuam_mstservices_aud`
  ADD CONSTRAINT `FK_7gceg5fh9vlcaew6jokaqdw5j` FOREIGN KEY (`REV`) REFERENCES `revinfo` (`id`);

--
-- Constraints for table `ahmjxuam_mstusers`
--
ALTER TABLE `ahmjxuam_mstusers`
  ADD CONSTRAINT `FK_1eppq4dfy1nnr4qxtbyny6xfn` FOREIGN KEY (`VID_AHMJXUAM_MSTPARTNER`) REFERENCES `ahmjxuam_mstpartner` (`VID`);

--
-- Constraints for table `ahmjxuam_mstusers_aud`
--
ALTER TABLE `ahmjxuam_mstusers_aud`
  ADD CONSTRAINT `FK_5rme91lmucy69956ky8dttprn` FOREIGN KEY (`REV`) REFERENCES `revinfo` (`id`);

--
-- Constraints for table `ahmjxuam_mstusrrols`
--
ALTER TABLE `ahmjxuam_mstusrrols`
  ADD CONSTRAINT `FK_gmqe61u5d79vw7teeiy6a10i1` FOREIGN KEY (`VID_AHMJXUAM_MSTUSERS`) REFERENCES `ahmjxuam_mstusers` (`VID`),
  ADD CONSTRAINT `FK_beo6be10415cokjaelo7y925x` FOREIGN KEY (`VID_AHMJXUAM_MSTROLES`) REFERENCES `ahmjxuam_mstroles` (`VID`);

--
-- Constraints for table `ahmjxuam_mstusrrols_aud`
--
ALTER TABLE `ahmjxuam_mstusrrols_aud`
  ADD CONSTRAINT `FK_4uwkctkijc9d6kj690srtuhow` FOREIGN KEY (`REV`) REFERENCES `revinfo` (`id`);

--
-- Constraints for table `ahmjxuam_txnbookmark`
--
ALTER TABLE `ahmjxuam_txnbookmark`
  ADD CONSTRAINT `FK_h1ki87p6vn76l1sbokxi1orlj` FOREIGN KEY (`VID_AHMJXUAM_MSTUSERS`) REFERENCES `ahmjxuam_mstusers` (`VID`),
  ADD CONSTRAINT `FK_7ph56fn6uckfh6srv7eihhrq7` FOREIGN KEY (`VID_AHMJXUAM_MSTMENUS`) REFERENCES `ahmjxuam_mstmenus` (`VID`);

/*!40101 SET CHARACTER_SET_CLIENT=@OLD_CHARACTER_SET_CLIENT */;
/*!40101 SET CHARACTER_SET_RESULTS=@OLD_CHARACTER_SET_RESULTS */;
/*!40101 SET COLLATION_CONNECTION=@OLD_COLLATION_CONNECTION */;
